PAÍSES;UNIÓN_EUROPEA;AÑO;PERSONAS_PRISIÓN;CAPACIDAD_PRISIÓN_NÚMERO;NÚMERO_PERSONAS_PRISIÓN;OCUPACIÓN_REAL;ÍNDICE_POBREZA;HOMICIDIO_INTENCIONAL;INTENTO_HOMICIDIO _INTENCIONAL;ASALTO;SECUESTRO;VIOLENCIA_SEXUAL;VIOLACIÓN;AGRESIÓN_SEXUAL;ATRACO;ROBO;ROBO_RESIDENCIAS_PRIVADAS;HURTO;MEDIA_DELITOS_MENORES;MEDIA_DELITOS_CONTRA_PERSONAS;HOMBRES_PRISIÓN;MUJERES_PRISIÓN;JÓVENES
ALBANIA;NO;2009;146,54;4425;4667;105,47;;2,57;7,25;11,9;0,16;1,98;1,07;0,91;5,31;5,31;23,77;96,49;32,72;3,691428571;287,2;7,25;
ALBANIA;NO;2010;;4381;4657;106,3;;;;;;;;;;;;;;;:;:;3,33
ALBANIA;NO;2011;164,53;4417;4659;105,48;;4,38;7,56;5,97;0,07;1,55;0,78;0,78;9,46;9,36;34,57;163,19;54,145;3,012857143;330,28;5,96;
ALBANIA;NO;2012;;4577;4618;100,9;;;;;;;;;;;;;;;:;:;
ALBANIA;NO;2013;;4577;4998;109,2;;;;;;;;;;;;;;;:;:;
ALBANIA;NO;2014;196,44;4577;5689;124,3;;3,38;6,25;4,55;0,07;3,35;1,41;1,93;10,25;10,18;57,21;274,9;88,135;2,991428571;192,68;7,59;
ALBANIA;NO;2015;206,79;5484;5981;109,06;;1,86;4,78;5,84;0,27;5,16;2,46;2,7;8,11;7,98;47,95;242,98;76,755;3,295714286;202,61;8,46;13
ALBANIA;NO;2016;208,97;5455;6031;110,56;;2,46;4,57;4,08;0,13;4,17;1,53;2,64;5,53;5,23;42,13;196,17;62,265;2,797142857;205,58;6,88;13,91
ALBANIA;NO;2017;197,25;5455;5674;104,01;;1,81;4,48;4,35;0,07;3,93;1,49;2,43;6,36;;39,8;177,15;74,43666667;2,651428571;383,96;6,54;9,6
ALBANIA;NO;2018;185,21;6236;5316;85,25;;1,78;3,97;4,7;0,17;3,8;1,46;2,33;4,63;;42,43;188,62;78,56;2,601428571;361,95;7,61;6,14
ALEMANIA;SÍ;2009;88,16;;72295;;;0,88;2,01;182,07;6,25;59,86;8,92;50,94;60,14;471,51;138,78;1595,91;566,585;44,41857143;170,31;9,22;
ALEMANIA;SÍ;2010;86,58;;70827;;15,6;0,85;1,98;174,69;5,99;44,7;9,44;35,26;58,88;485,73;148,34;1491,38;546,0825;38,98714286;167,02;9,22;
ALEMANIA;SÍ;2011;86,69;;69543;;15,8;0,86;1,94;173,38;6,14;45,32;9,4;35,92;59,86;525,1;165,28;1590,67;585,2275;38,99428571;167,71;9,56;
ALEMANIA;SÍ;2012;85,32;;68533;;16,1;0,77;1,98;169,4;6,45;45,16;10;35,16;60,64;535,57;179,41;1578;588,405;38,41714286;164,64;9,59;
ALEMANIA;SÍ;2013;82,24;;66221;;16,1;0,77;1,98;158,8;6,12;43,88;9,2;34,68;58,66;543,34;185,66;1600,86;597,13;36,49;158,51;9,23;
ALEMANIA;SÍ;2014;78,28;75793;63228;83,42;16,7;0,8;2,01;155,7;6,18;43,28;9,09;34,19;56,3;552,29;188,35;1636,98;608,48;35,89285714;150,64;8,83;
ALEMANIA;SÍ;2015;77,61;73916;63020;85,26;16,7;0,81;1,91;156,9;5,87;42,2;8,65;33,55;55,01;571,36;205,84;1661,33;623,385;35,69857143;149,14;8,73;
ALEMANIA;SÍ;2016;78,24;73627;64291;87,32;16,5;0,91;2,14;170,41;5,79;45,23;9,64;35,59;52,34;526,59;184,08;1570,39;583,35;38,53;:;:;
ALEMANIA;SÍ;2017;79,79;73603;65841;89,45;16,1;0,89;2,09;166,09;5,6;42,19;10,07;32,12;47,08;442,53;141,22;1401,36;508,0475;37,00714286;:;:;
ALEMANIA;SÍ;2018;79,43;74386;65762;88,41;16;0,76;2,33;165,14;5,51;49,02;10,91;38,11;44,4;394,25;117,77;1307,46;465,97;38,82571429;:;:;
AUSTRIA;SÍ;2009;104,48;8678;8708;100,35;;0,61;1,22;48,27;0,06;46,02;9,35;36,68;54,91;1288,63;236,57;2047,79;906,975;20,31571429;183,71;10,75;11,9
AUSTRIA;SÍ;2010;102,26;8565;8540;99,71;14,7;0,73;1,34;43,18;0,11;41,86;14,62;27,24;51,61;1059,77;175,37;1804,77;772,88;18,44;193,45;12,04;8,41
AUSTRIA;SÍ;2011;104,71;8773;8770;99,97;14,5;0,96;1,25;46,53;0,06;47,25;15,69;31,56;48,55;1006,27;186,46;1723,26;741,135;20,47142857;197,6;13,13;10,25
AUSTRIA;SÍ;2012;104,72;8651;8805;101,78;14,4;1,05;1,3;47,93;0,13;48,05;14,94;33,11;48,67;1013,76;184,1;1742,6;747,2825;20,93;197,97;13,18;9,58
AUSTRIA;SÍ;2013;104,85;8636;8862;102,62;14,4;0,75;1,24;39,36;0,05;44,72;15,32;25,47;44,22;1049,51;195,79;1822,11;777,9075;18,13;201,72;12,57;8,22
AUSTRIA;SÍ;2014;102,18;8666;8692;100,3;14,1;0,51;0,82;37,97;0,01;41,9;13,68;24,91;40,92;1004,91;201,13;1742,86;747,455;17,11428571;196,96;11,65;6,87
AUSTRIA;SÍ;2015;101,03;4191;8665;206,75;13,9;0,49;1,12;40,31;0,03;40,57;13,18;23,43;39,79;922,92;180,92;1635,37;694,75;17,01857143;192,06;11,37;5,36
AUSTRIA;SÍ;2016;99,18;4182;8619;206,1;14,1;0,56;1,14;43,6;0,02;50,53;14,17;32,46;35,66;926,38;149,31;1651,67;690,755;20,35428571;190,53;11,12;7,26
AUSTRIA;SÍ;2017;100,9;8884;8852;99,64;14,4;0,7;1,72;41,32;0,03;48,48;13,28;31,28;29,75;789,47;134,53;1429,13;595,72;19,54428571;193,25;11,61;7,68
AUSTRIA;SÍ;2018;103,86;;9163;;14,3;0,83;1,48;42,06;0,06;50,16;14,93;31,43;27,16;664,65;110,9;1276,46;519,7925;20,13571429;198,22;12,56;9,31
BÉLGICA;SÍ;2009;94,17;8546;10126;118,49;;1,76;6,94;722,26;10,04;98,66;29,31;69,35;219,3;903,19;645,92;2321,45;1022,465;134,0457143;184,68;7,11;2,72
BÉLGICA;SÍ;2010;97,1;9129;10526;115,3;14,6;1,74;7,03;717,33;10,35;100,77;30,52;70,25;220,08;843,13;586,7;2106,61;939,13;133,9985714;190,24;7,56;
BÉLGICA;SÍ;2011;100,36;9212;11040;119,84;15,3;1,95;7,8;716,12;10,85;102,72;30,88;71,84;248,54;887,4;636,66;2203,5;994,025;134,5942857;196,18;7,88;4,06
BÉLGICA;SÍ;2012;100,79;9401;11183;118,96;15,3;1,86;7,55;651,76;10,68;96,77;30,69;66,08;230,81;923,41;681,76;2144,43;995,1025;123,6271429;197;7,81;4,54
BÉLGICA;SÍ;2013;105,88;9715;11818;121,65;15,1;1,83;7,26;624,87;10,42;102,13;29,97;34,16;204,98;895,33;676,25;2007,85;946,1025;115,8057143;206,96;8,11;4,55
BÉLGICA;SÍ;2014;;;;;15,5;1,88;7,59;629,75;10,29;61,69;28,51;33,17;196,12;862,36;650;1864,29;893,1925;110,4114286;:;:;3,96
BÉLGICA;SÍ;2015;97,84;9952;10994;110,47;14,9;2,06;7,83;555,13;10,42;61,3;28,75;32,54;180,45;816,58;584,8;2196,73;944,64;99,71857143;187,45;9,26;
BÉLGICA;SÍ;2016;;;;;15,5;1,54;7,79;556,48;10,62;68,59;30,09;38,5;165,1;697,93;489,44;2054,5;851,7425;101,9442857;:;:;0,61
BÉLGICA;SÍ;2017;;;;;15,9;1,73;8,52;550,15;10,31;72,97;31,11;41,86;155,08;661,16;460,43;1965,23;810,475;102,3785714;:;:;
BÉLGICA;SÍ;2018;;;;;16,4;1,55;8,9;553,95;;68,39;29,25;39,14;142,8;614,52;442,91;1914,65;778,72;116,8633333;:;:;
BOSNIA ;NO;2009;;;;;;1,74;;;0,16;;0,75;;;328,23;95,55;175,34;199,7066667;0,883333333;:;:;
BOSNIA ;NO;2010;71,36;3080;2743;89,06;;1,4;1,74;13,14;0,03;;1,2;;;90,37;;295,57;192,97;3,502;115,07;3,05;
BOSNIA ;NO;2011;71,74;3199;2757;86,18;;1,27;1,3;16,97;0,03;;0,91;;25,37;380,39;;175,3;193,6866667;4,096;116,81;1,93;
BOSNIA ;NO;2012;;;;;;1,56;1,22;16,1;0,05;;1,07;;26,31;340,69;;173,86;180,2866667;4;:;:;
BOSNIA ;NO;2013;;3297;2898;87,9;;;;;;;;;;;;;;;:;:;
BOSNIA ;NO;2014;;3358;2825;84,13;;;;;;;;;;;;;;;:;:;
BOSNIA ;NO;2015;;3510;2730;77,78;;;;;;;;;;;;;;;:;:;
BOSNIA ;NO;2016;;3407;2832;83,12;;;;;;;;;;;;;;;:;:;
BOSNIA ;NO;2017;;3587;2820;78,62;;;;;;;;;;;;;;;:;:;
BOSNIA ;NO;2018;;3480;4377;125,78;;;;;;;;;;;;;;;:;:;
BULGARIA;SÍ;2009;120,61;9006;9006;100;;2,01;0,88;41,81;1,9;9,72;3,29;6,43;48,16;317,15;106,64;592,97;266,23;9,434285714;241,1;6,26;4,74
BULGARIA;SÍ;2010;126,37;9379;9379;100;20,7;1,99;0,84;40,93;1,59;9,38;2,84;6,53;50,35;323,44;112,35;680,15;291,5725;9,157142857;251,47;7,64;2,26
BULGARIA;SÍ;2011;134,14;9885;9885;100;22,2;1,74;0,83;33,41;1,04;8,81;2,13;6,68;42,2;275,08;88,99;642,15;262,105;7,805714286;267,38;7,64;6,06
BULGARIA;SÍ;2012;129,56;9493;9493;100;21,2;1,92;0,61;32,89;1,02;9,36;2,55;6,81;40,33;229,02;88,11;606,81;241,0675;7,88;257,54;8,16;7,49
BULGARIA;SÍ;2013;121,27;8834;8834;100;21;1,5;0,92;33,91;1,19;8,68;2,25;6,42;40,87;235,61;87,8;621,26;246,385;7,838571429;241,74;7,06;6,35
BULGARIA;SÍ;2014;108,62;7870;7870;100;21,8;1,55;0,63;34,96;1,31;8,42;2,04;6,38;32,1;211,53;73,77;569,25;221,6625;7,898571429;215,92;6,96;6,62
BULGARIA;SÍ;2015;102,86;7408;7408;100;22;1,75;0,46;34,99;1,03;8,37;1,65;6,72;27,02;167,1;61,55;531,99;196,915;7,852857143;204,51;6,65;5,34
BULGARIA;SÍ;2016;102,67;8491;7345;86,5;22,9;1,1;1,06;34,53;0,98;7,74;1,78;;23,29;142,04;;457,48;207,6033333;7,865;204,68;6,2;3,89
BULGARIA;SÍ;2017;98,4;8491;6988;82,3;23,4;1,34;0,44;39,58;1,44;9,19;2;;21,94;124,57;;576,57;241,0266667;8,998333333;196,2;6;2,27
BULGARIA;SÍ;2018;94,34;8241;6651;80,71;22;1,3;0,65;35,72;0,89;8,16;1,6;;17,94;108,71;;523,71;216,7866667;8,053333333;188,05;5,93;2,51
CHIPRE;SÍ;2009;72,53;360;578;160,56;;2,38;2,38;27,48;3,26;9,79;3,39;6,4;17,82;314,21;;365,4;232,4766667;7,868571429;133,1;7,62;15,74
CHIPRE;SÍ;2010;77,64;351;636;181,2;15,6;0,85;1,34;21,12;3,3;9,64;4,39;5,25;19,04;394,56;;203,87;205,8233333;6,555714286;144,39;10,73;9,49
CHIPRE;SÍ;2011;74,07;370;622;168,11;14,8;0,95;1,55;19,53;1,43;5,6;5,36;0,24;16,31;407,5;233,52;202,08;214,8525;4,951428571;139,69;8,12;7,85
CHIPRE;SÍ;2012;78,65;370;678;183,24;14,7;2,2;1,39;17,17;0,58;3,83;3,6;0,23;20,07;348,02;233,18;181,78;195,7625;4,142857143;145,35;9,71;9
CHIPRE;SÍ;2013;63,87;370;553;149,46;15,3;1,27;0,92;15,24;0,46;2,77;2,66;0,12;17,21;312,63;206,15;146,9;170,7225;3,348571429;124,22;6,74;14,66
CHIPRE;SÍ;2014;62;;532;;14,4;1,17;1,17;15,62;0,93;2,21;1,98;0,23;12,12;275,76;189,39;115,38;148,1625;3,33;120,23;6,81;21,14
CHIPRE;SÍ;2015;64,58;480;547;113,96;16,2;1,42;1,3;16,88;0;2,48;2,48;0;9,21;233,65;160,8;111,33;128,7475;3,508571429;125,05;7,35;13,46
CHIPRE;SÍ;2016;69,08;;586;;16,1;1,3;0,83;17,09;0,12;2,83;2,59;0,24;10,96;202,87;128,25;86,17;107,0625;3,571428571;132,06;9,41;15
CHIPRE;SÍ;2017;69,26;528;592;112,12;15,7;0,82;1,17;16,85;1,05;2,34;2,22;0,12;12,05;171,97;107,98;112,19;101,0475;3,51;133,92;7,76;8,88
CHIPRE;SÍ;2018;71,62;566;619;109,36;15,4;1,62;0,93;15,27;0,46;3,36;3,24;0,12;8,45;144,64;;82,85;78,64666667;3,571428571;138,31;8,13;12,5
CROACIA;SÍ;2009;113,49;3501;4891;139,7;;1,14;;24,57;0,28;15,41;2,99;12,41;32,74;396,31;64,43;327,05;205,1325;9,466666667;:;9,76;7,89
CROACIA;SÍ;2010;120,04;3501;5165;147,53;20,6;1,44;2,91;22,92;0,3;9,23;3,28;5,95;28,93;428,83;95,47;315,49;217,18;6,575714286;237,58;10,58;6,14
CROACIA;SÍ;2011;118,51;3921;5084;129,66;20,9;1,14;2,87;20,35;0,14;8,81;2,84;5,97;32,22;448,43;107,6;371,32;239,8925;6,017142857;232,7;11,26;4,84
CROACIA;SÍ;2012;110,88;3921;4741;120,91;20,4;1,19;2,36;21,12;0,14;8,02;2,95;5,07;37,14;449,46;132,46;403,37;255,6075;5,835714286;219,85;9,35;6,87
CROACIA;SÍ;2013;102,11;3921;4352;110,99;19,5;1,08;2,96;19,31;0,02;13,51;6,43;7,09;35,73;433,66;140,68;329,67;234,935;7,2;202,19;8,8;8,57
CROACIA;SÍ;2014;88,61;4022;3763;93,56;19,4;0,85;2,66;18,04;0,02;14,22;7,89;6,33;29,86;360,32;116,42;283,58;197,545;7,144285714;174,31;8,65;10,56
CROACIA;SÍ;2015;79,07;4022;3341;83,07;20;0,88;2,49;19,03;0;14,32;6,11;8,21;31,03;354,25;116,18;320,62;205,52;7,291428571;155,79;7,5;9,02
CROACIA;SÍ;2016;74,16;;3108;;19,5;1,05;2,22;18,85;0,02;16,13;7,59;8,54;25,49;295,97;105,21;303,98;182,6625;7,771428571;147,57;5,67;6,68
CROACIA;SÍ;2017;76,79;;3190;;20;1,11;3,01;19,21;0;11,46;5,92;5,54;20,8;308,63;109,14;298,81;184,345;6,607142857;151,75;6,84;6,03
CROACIA;SÍ;2018;78,36;3558;3217;90,42;19,3;0,58;2,19;17,85;0;13,18;7,23;5,94;18,97;265,64;93,97;279,65;164,5575;6,71;153,75;8;7,24
DINAMARCA;SÍ;2009;67,51;;3721;;;1,01;3,77;29,08;;30,32;15,93;14,39;72,65;1940,9;1213,49;5452,55;2169,8975;15,75;128,95;6,4;1,64
DINAMARCA;SÍ;2010;71,26;;3944;;13,3;0,89;2,75;31,67;;36,32;17,24;19,08;60,92;1746,84;1128,33;5282,09;2054,545;17,99166667;136,44;6,56;1,03
DINAMARCA;SÍ;2011;70,98;;3947;;12,1;0,88;2,66;30,5;;33,56;15,34;18,22;58,28;1649,67;1139,98;5240,18;2022,0275;16,86;136,91;5,85;1,4
DINAMARCA;SÍ;2012;68,61;;3829;;12;0,77;2,54;29,69;;34,12;15,57;18,55;53,81;1450,22;1038,02;5044,6;1896,6625;16,87333333;132,75;5,3;0,74
DINAMARCA;SÍ;2013;73,02;;4091;;11,9;0,73;2,95;26,83;;32,9;14,98;17,92;57,12;1409,25;1008,92;4802,85;1819,535;16,05166667;140,42;6,69;0,58
DINAMARCA;SÍ;2014;63,67;4153;3583;86,27;12,1;1,1;2,63;27,24;;42,08;14,87;27,21;41,26;1237,5;900,02;4456,42;1658,8;19,18833333;123,13;5,11;1,01
DINAMARCA;SÍ;2015;56,59;3761;3203;85,16;12,2;0,92;2,49;25,8;;46,13;18,57;27,56;35,94;1119,19;807,92;3990,8;1488,4625;20,245;109,75;4,14;0,76
DINAMARCA;SÍ;2016;59,71;3522;3408;96,76;11,9;0,93;3,4;30,36;;66,46;29,42;37,04;38,28;1053,68;777,59;3951,31;1455,215;27,935;114,8;5,23;0,51
DINAMARCA;SÍ;2017;59,46;3592;3418;95,16;12,4;1,06;3,69;33,12;;83,41;31,36;52,05;35,52;955,37;702,6;3721,21;1353,675;34,115;114,75;4,71;1,37
DINAMARCA;SÍ;2018;62,88;3795;3635;95,78;12,7;0,93;3,62;32,12;;95,83;38,35;57,48;31,46;949,08;688,8;3162,31;1207,9125;38,055;121,78;4,54;0,77
ESCOCIA;SÍ;2009;152,66;;7964;;;1,61;11,77;107,75;5,16;92,97;16,94;76,02;47,84;455,71;320,63;2221,44;761,405;44,60285714;260,01;14,11;97,2
ESCOCIA;SÍ;2010;149,68;;7853;;;1,91;9,87;104,7;4,96;99,72;19;80,72;48,74;476,83;336,54;2056,47;729,645;45,84;259,94;14,22;
ESCOCIA;SÍ;2011;154,87;;8178;;;1,76;10,26;88,87;4,15;118,02;22,4;95,61;42,5;458,7;329,04;2063,33;723,3925;48,72428571;272,52;15,58;82,55
ESCOCIA;SÍ;2012;151,84;;8057;;;1,19;7,59;68,65;4,28;126,91;25,86;101,05;34,53;405,46;295,05;1781,88;629,23;47,93285714;269,7;15,55;74,73
ESCOCIA;SÍ;2013;148,38;;7894;;;1,15;5,96;55,47;4,76;152,52;31,77;66,22;28,18;418,64;307,02;1914,81;667,1625;45,40714286;288,99;15,78;66,34
ESCOCIA;SÍ;2014;144,84;;7731;;;1,16;4,93;54,39;4,38;160,26;33,67;71,78;28,05;386,08;284,14;1780,27;619,635;47,22428571;281,92;15,48;54,61
ESCOCIA;SÍ;2015;144,57;;7744;;;1,1;5,47;69,34;4,26;173,76;31,59;76,17;24,76;329,26;243,65;1619,49;554,29;51,67;281,97;14,81;51,46
ESCOCIA;SÍ;2016;140,64;;7579;;;1,15;4,39;73,47;4,28;186,92;32,64;81,91;26,63;303,15;223,86;1578,45;533,0225;54,96571429;:;:;44,8
ESCOCIA;SÍ;2017;137,34;;7436;;;1,09;4,52;72,84;4,3;214,75;39,45;91,33;28,74;279,42;201,17;1598,29;526,905;61,18285714;:;:;41,88
ESCOCIA;SÍ;2018;;;;;;1,1;5,7;74,47;4,93;233,68;42,17;96,67;33,24;253,4;176,07;1592,24;513,7375;65,53142857;:;:;33,85
ESLOVAQUIA;SÍ;2009;173,08;10876;9316;85,66;;1,56;0;48,64;0,11;;2,64;;25,23;286,01;43,29;586,15;235,17;10,59;331,16;17,66;14,78
ESLOVAQUIA;SÍ;2010;186,09;11085;10031;90,49;12;1,65;0;45,01;0,07;;2,17;;22,04;274,25;64,84;775,71;284,21;9,78;356,01;19,91;8,24
ESLOVAQUIA;SÍ;2011;195,18;11201;10525;93,96;13;1,78;0;41,3;0,07;;2,78;;15,78;238,93;56,08;697,51;252,075;9,186;372,36;22,33;13,38
ESLOVAQUIA;SÍ;2012;200,77;11304;10850;95,98;13,2;1,39;0;40,39;0,13;;1,63;;18,02;219,36;58,53;642,63;234,635;8,708;382,52;23,3;12,81
ESLOVAQUIA;SÍ;2013;180,25;11812;9753;82,57;12,8;1,44;1,44;37,28;1,44;11,92;1,68;1,26;15,43;206,38;59,62;382,71;166,035;8,065714286;347,65;21,23;13,45
ESLOVAQUIA;SÍ;2014;185,01;11828;10020;84,71;12,6;1,33;1,33;36,71;1,53;12,61;1,59;1;12,56;174,06;50;342,84;144,865;8,014285714;356,41;22,11;9,81
ESLOVAQUIA;SÍ;2015;182,85;11184;9913;88,64;12,3;0,89;0,89;34,35;1,57;11,9;1,6;1,38;9,94;126,57;35,49;444,37;154,0925;7,511428571;351,28;22,71;9,25
ESLOVAQUIA;SÍ;2016;184,2;11033;9995;90,59;12,7;1,11;;30,08;1,88;12,09;1,51;1,09;9,69;115,37;32,51;292,47;112,51;7,96;352,29;24,21;8,89
ESLOVAQUIA;SÍ;2017;184,5;10941;10028;91,66;12,4;1,47;1,47;30,21;1,67;12,97;1,77;1,6;8,63;105,24;30,26;287,21;107,835;7,308571429;351,17;25,72;7,6
ESLOVAQUIA;SÍ;2018;189,12;11499;10294;89,52;12,2;1,23;;29,34;1,69;12,25;1,82;1,4;8,73;83,21;24,32;332,13;112,0975;7,955;358,44;27,7;7,18
ESLOVENIA;SÍ;2009;67,16;1098;1365;124,32;;0,64;1,87;107,11;0,1;22,44;3,89;18,55;23,67;763,15;109,77;1405,56;575,5375;22,08571429;129,19;6,22;1,15
ESLOVENIA;SÍ;2010;66;1115;1351;121,17;12,7;0,54;1,51;106,59;0,2;22,77;3,08;19,69;22,62;656,09;125,21;1412,38;554,075;22,05428571;127,3;5,13;7,37
ESLOVENIA;SÍ;2011;62,09;1309;1273;97,25;13,6;0,83;1,66;96,28;0,1;22,97;2,68;20,29;19,66;668,04;121,26;1496,3;576,315;20,68714286;118,97;5,5;2,01
ESLOVENIA;SÍ;2012;66,99;1309;1377;105,19;13,5;0,68;1,46;98,85;0,19;17,85;2,82;15,03;19,02;686,26;132,18;1649,48;621,735;19,55428571;128,45;6,74;2,57
ESLOVENIA;SÍ;2013;66,06;1293;1360;105,18;14,5;0,58;1,36;89,81;0,19;18,36;2,57;2,38;18,31;746,54;185,3;1697,18;661,8325;16,46428571;127,18;6,16;0,28
ESLOVENIA;SÍ;2014;73,84;1293;1522;117,71;14,5;0,82;0,78;80,39;0,24;14,36;2,13;2,33;14,41;659,99;178,06;1460,54;578,25;14,43571429;140,37;8,56;3,09
ESLOVENIA;SÍ;2015;67,82;1322;1399;105,82;14,3;0,97;1,26;74,65;0,15;12,51;2,04;1,45;11,25;496,93;151,1;1105,16;441,11;13,29;128,93;7,78;1,4
ESLOVENIA;SÍ;2016;63,37;1322;1308;98,94;13,9;0,48;1,26;72,23;0,15;17,25;1,6;2,08;10,95;518,7;154,25;1036,44;430,085;13,57857143;117,65;9,99;0,83
ESLOVENIA;SÍ;2017;;1339;;0;13,3;0,92;1,98;67,67;0,05;20,67;2,03;2,08;11,52;423,64;140,62;994,19;392,4925;13,62857143;:;:;2,48
ESLOVENIA;SÍ;2018;67,54;1339;1396;104,26;13,3;0,48;2,23;74,7;0,29;17,08;2,03;1,6;12,77;405,83;126,47;948,92;373,4975;14,05857143;128,52;7,31;
ESPAÑA;SÍ;2009;164,53;;76079;;;0,89;1,8;174,98;0,37;21,03;4,44;16,59;140,92;414,91;211,62;470,7;309,5375;31,44285714;305,95;26,01;
ESPAÑA;SÍ;2010;159,03;;73929;;20,7;0,86;1,65;53,94;0,27;21,41;3,39;18,02;181,58;431,07;237,12;311,1;290,2175;14,22;286,96;24,05;8,38
ESPAÑA;SÍ;2011;151,01;;70472;;20,6;0,82;1,75;39,19;0,24;21,2;3,24;17,95;187,97;362,96;215,95;332,4;274,82;12,05571429;273,79;21,84;17,97
ESPAÑA;SÍ;2012;146,52;;68597;;20,8;0,78;1,63;37,06;0,25;19,24;2,73;16,51;206,34;347,45;270,03;353,06;294,22;11,17142857;263,33;21,37;15,92
ESPAÑA;SÍ;2013;142,88;;66765;;20,4;0,65;1,42;35,74;0,26;19,1;2,78;16,32;184,12;358,07;272,74;349,82;291,1875;10,89571429;262,42;21,05;13,78
ESPAÑA;SÍ;2014;139,78;;65017;;22,2;0,69;1,56;36,07;0,21;20,36;2,66;17,69;152,34;477,38;261,82;333,79;306,3325;11,32;257,01;20,78;11,43
ESPAÑA;SÍ;2015;132,65;;61614;;22,1;0,65;1,54;62,55;0,2;16,14;2,65;13,49;139,03;349,79;248,23;442,96;295,0025;13,88857143;244,18;19,72;8,82
ESPAÑA;SÍ;2016;128,31;64144;59589;92,9;22,3;0,63;1,75;37,32;0,2;18,79;2,69;16,1;135,56;346,37;243,97;351,16;269,265;11,06857143;236,64;18,58;8,01
ESPAÑA;SÍ;2017;126,41;64109;58814;91,74;21,6;0,66;1,76;38,87;0,15;20,34;2,98;17,36;132,74;321,64;225,87;349,09;257,335;11,73142857;232,91;18,17;7,79
ESPAÑA;SÍ;2018;126,2;64323;58883;91,54;21,5;0,62;1,78;39,2;0,17;24,89;3,64;21,24;129,23;323,34;229,73;360,5;260,7;13,07714286;232,48;18,32;7,36
ESTONIA;SÍ;2009;266,14;3621;3555;98,18;;5,24;1,87;7,94;0;19,02;9,28;9,73;54,35;;226,62;1859,27;713,4133333;7,582857143;542,55;20,86;14,44
ESTONIA;SÍ;2010;254,48;3637;3393;93,29;15,8;5,25;1,05;7,73;0;13,35;6,08;7,28;44,93;;239,71;1894,04;726,2266667;5,82;508,54;27,09;5,55
ESTONIA;SÍ;2011;255,7;3662;3400;92,85;17,5;4,89;2,63;7,82;0,23;13,54;6,84;6,69;39,48;;209,98;1517,31;588,9233333;6,091428571;514,77;25,49;18,48
ESTONIA;SÍ;2012;247,96;;3286;;17,5;4,75;1,28;7,47;0;18,71;10,79;7,92;34,48;;205,1;1405,66;548,4133333;7,274285714;499,56;22,91;12,61
ESTONIA;SÍ;2013;235,73;3420;3023;88,39;18,6;3,94;0,76;7,5;0,08;18,18;10,23;7,95;36,06;;161,49;1247,18;481,5766667;6,948571429;481,53;22,16;14,76
ESTONIA;SÍ;2014;230,58;2962;3034;102,43;21,8;3,12;1,06;5,85;0;15,12;11,17;3,95;27,36;;157,47;1196,06;460,2966667;5,752857143;:;:;13,54
ESTONIA;SÍ;2015;214,7;;2823;;21,6;3,8;1,29;7,45;0;21,6;12,24;9,35;25,63;;126,4;863,51;338,5133333;7,961428571;434,03;22,14;13,54
ESTONIA;SÍ;2016;217,64;2915;2864;98,25;21,7;2,51;0,84;7,07;0;20,59;11,55;9,04;18,85;;100,92;682,55;267,44;7,371428571;435,54;25,46;9,81
ESTONIA;SÍ;2017;206,97;2915;2723;93,41;21;2,2;1,22;5,78;0;19,69;11,4;8,28;15,28;;73,35;580,18;222,9366667;6,938571429;418,11;20,2;11,74
ESTONIA;SÍ;2018;195,89;3334;2584;77,5;21,9;1,9;1,36;6,82;0;22,44;16,07;6,37;;;57,23;561,2;309,215;7,851428571;396,24;17,62;8,01
FINLANDIA;SÍ;2009;67,38;;3589;;;2,25;6,87;39,11;0,06;39,41;12,39;27,02;30,79;482,19;121,98;2652,22;821,795;18,15857143;124,4;8,77;9,34
FINLANDIA;SÍ;2010;62,86;;3364;;13,1;2,22;5,74;36,89;0,02;44,55;15,29;29,26;28,17;467,7;120,58;2558,85;793,825;19,13857143;116,04;8,99;8,53
FINLANDIA;SÍ;2011;60,8;;3268;;13,7;2,05;5,73;37,86;0,06;58,77;19,33;39,44;30,17;480,92;124,12;2602,06;809,3175;23,32;112,53;8,33;6,71
FINLANDIA;SÍ;2012;61,21;;3306;;13,2;1,63;6,46;34,36;0,02;59,87;18,68;41,19;29,91;450,04;116,29;2337,3;733,385;23,17285714;113,1;7,97;6,55
FINLANDIA;SÍ;2013;60,72;;3295;;11,8;1,64;4,86;33;0,02;55,06;17,97;37,09;28,07;422,19;105,92;2361,83;729,5025;21,37714286;113,96;9,28;8,04
FINLANDIA;SÍ;2014;57,75;3083;3148;102,11;12,8;1,61;6;30,18;0,02;51,82;18,51;33,31;30,95;453,56;116,76;2336,01;734,32;20,20714286;108,49;8,66;7,6
FINLANDIA;SÍ;2015;57,29;3079;3135;101,82;12,4;1,5;5,46;28,56;0,02;50,66;19,06;31,6;28,29;451,19;109,11;2237,02;706,4025;19,55142857;107,66;8,53;9,38
FINLANDIA;SÍ;2016;57,51;2959;3156;106,66;11,6;1,35;5,67;29,01;0,05;58,1;21,14;36,96;30,43;448,2;96,57;2086,45;665,4125;21,75428571;108,46;8,11;8,28
FINLANDIA;SÍ;2017;56;2922;3082;105,48;11,5;1,24;6,32;28,73;0,02;55,49;22,62;32,87;29,8;401,63;86,69;2003,22;630,335;21,04142857;105;8,38;8,67
FINLANDIA;SÍ;2018;53,62;2975;2956;99,36;12;1,63;6,44;29,18;0,07;64,16;25,27;38,89;;386,1;89,35;1957,82;811,09;23,66285714;100,36;8,12;9,14
FRANCIA;SÍ;2009;94,76;54988;60978;110,89;;1,25;1,67;342,07;3,24;36,14;15,29;20,84;175,24;497,93;278,8;2149,68;775,4125;60,07142857;187,13;6,09;4,67
FRANCIA;SÍ;2010;93,64;56358;60544;107,43;13,3;1,23;1,87;358,67;3,24;35,51;15,63;19,88;187,19;506,24;293,77;1813,45;700,1625;62,29;185,07;5,78;5,24
FRANCIA;SÍ;2011;99,7;57236;64787;113,19;14;1,35;2,04;355,97;3,44;36,74;16,01;20,72;186,16;531,71;338,65;1791,04;711,89;62,32428571;196,77;6,47;4,82
FRANCIA;SÍ;2012;101,98;56992;66572;116,81;14,1;1,25;2,39;355;3,24;41,03;16,68;24,35;189,67;558,33;364,73;1798,31;727,76;63,42;201,45;6,47;4,94
FRANCIA;SÍ;2013;102,25;57516;67075;116,62;13,7;1,22;2,29;355,64;3,45;42,34;17,03;25,32;190,02;587,67;381,75;2118,89;819,5825;63,89857143;204,31;6,39;5
FRANCIA;SÍ;2014;100,5;57841;66270;114,57;13,3;1,16;2,54;360,8;4,48;46,95;18,44;28,51;173,02;574,98;357,31;2167,66;818,2425;66,12571429;200,9;6,2;5,01
FRANCIA;SÍ;2015;100,29;58561;66678;113,86;13,6;1,55;3,18;364,25;5,74;50,06;19,28;30,78;156,59;570,41;348,61;2101,67;794,32;67,83428571;200,38;6,26;4,81
FRANCIA;SÍ;2016;102,5;58681;68432;116,62;13,6;1,33;3,61;363,86;5,72;56,24;22,22;34,03;156,72;573,56;361,29;2069,24;790,2025;69,57285714;204,6;6,58;4,79
FRANCIA;SÍ;2017;103,25;59765;68974;115,41;13,2;1,22;3,8;;;62,25;25,03;37,22;149,81;;;;149,81;25,904;206,01;6,94;5,11
FRANCIA;SÍ;2018;104,69;;70059;;13,4;1,16;4,05;;;73,82;29,38;44,44;;;;;;30,57;208,7;7,33;5,24
GRECIA;SÍ;2009;102,43;9723;11364;116,88;;1,36;1,69;4,3;0,14;8,33;1,92;6,41;42,5;359,02;169,89;543,04;278,6125;3,45;188,78;9,83;25,82
GRECIA;SÍ;2010;111,06;10326;12349;119,59;20,1;1,58;1,74;9,9;1,56;4,59;1,93;1,68;54,67;471,35;221,26;606,57;338,4625;3,282857143;205,17;10,2;1,28
GRECIA;SÍ;2011;112,19;10376;12479;120,27;21,4;1,65;1,64;12,81;1,42;3,91;1,55;1,61;59,66;536,02;247,85;633,95;369,37;3,512857143;207,76;9,91;28,88
GRECIA;SÍ;2012;112,53;9886;12475;126,19;23,1;1,49;1,67;15,26;1,25;4,38;1,51;1,83;54,05;518,44;254,3;563,28;347,5175;3,912857143;208,67;9,84;29,99
GRECIA;SÍ;2013;115,35;9909;12693;128,1;23,1;1,28;1,61;14,63;0,86;4,25;1,35;1,7;44,7;446,74;232,19;489,02;303,1625;3,668571429;224,23;11,71;30,69
GRECIA;SÍ;2014;107,97;9886;11798;119,34;22,1;0,96;1,42;13,35;0,53;4,26;1,23;1,75;34,78;399,45;209,4;464,09;276,93;3,357142857;211,28;10,19;23,29
GRECIA;SÍ;2015;88,52;9886;9611;97,22;21,4;0,79;1,56;14,96;0,82;5,1;1,12;2,39;39,75;421,76;221,24;507,93;297,67;3,82;173,2;8,69;1,61
GRECIA;SÍ;2016;88,65;9815;9560;97,4;21,2;0,75;1,22;14,05;0,57;4,57;1,44;2,44;43,94;414,35;217,18;530,04;301,3775;3,577142857;172,94;9,26;0,68
GRECIA;SÍ;2017;92,97;10260;10011;97,57;20,2;0,72;1,39;14,02;0,72;4,21;1,45;2,08;39,66;392,34;204,7;630,09;316,6975;3,512857143;181,18;9,93;1,17
GRECIA;SÍ;2018;99,19;;10654;;18,5;0,88;1,15;14,77;0,69;3,94;1,46;1,69;40,57;370,89;193,22;542,73;286,8525;3,511428571;193,88;10;0,69
HUNGRÍA;SÍ;2009;153,84;12042;15432;128,15;;1,39;1,36;127,48;0,14;6,54;2,27;4,27;31,49;375,82;175,71;1248,6;457,905;20,49285714;292,48;18,77;27,61
HUNGRÍA;SÍ;2010;163,05;12335;16328;132,37;12,3;1,33;1,43;145,48;0,18;6,76;2,46;4,3;33,91;441,87;219,48;1608,21;575,8675;23,13428571;310,24;19,19;11,72
HUNGRÍA;SÍ;2011;172,35;12604;17210;136,54;14,1;1,42;1,33;142,32;0,12;6,3;1,96;4,34;32,08;453,38;225,66;1574,59;571,4275;22,54142857;326,1;23,2;30,71
HUNGRÍA;SÍ;2012;172,97;12573;17179;136,63;14,3;1,14;1,09;140,69;0,09;6,99;1,93;5,05;30,57;471,78;239,02;1601,37;585,685;22,42571429;326,8;23,52;29,14
HUNGRÍA;SÍ;2013;180,05;12584;17841;141,78;15;1,39;1,06;135;0,07;60,29;2,5;4,35;23,19;380,35;218,05;1254,2;468,9475;29,23714286;349,56;26,11;28,81
HUNGRÍA;SÍ;2014;181,12;12584;17890;142,16;15;1,31;1,07;136,42;0,03;7,83;3,22;2,3;19,78;302,54;244,26;1082,67;412,3125;21,74;351,68;26,07;27,2
HUNGRÍA;SÍ;2015;177,05;13209;17449;132,1;14,9;2,05;0,87;126,55;0,11;17,11;3,86;2,45;14,61;290,14;205,88;1129,57;410,05;21,85714286;344,97;24,23;24,45
HUNGRÍA;SÍ;2016;179,62;13774;17658;128,2;14,5;0,93;0,99;;0,05;6,1;6,08;;11,23;;;952,06;481,645;2,83;348,96;24,89;20,45
HUNGRÍA;SÍ;2017;177,01;14011;17343;123,78;13,4;0,87;0,73;;0,03;6;6;;8,58;;;819,95;414,265;2,726;343,66;24,91;17,89
HUNGRÍA;SÍ;2018;166,73;14469;16303;112,68;12,8;0,85;0,6;;0,02;5,53;5,53;;7,12;;;656,45;331,785;2,506;323,14;23,64;13,83
INGLATERRA;SÍ;2009;148,69;;81836;;;1,08;;726,23;3,38;67,78;27,39;40,39;136,46;982,29;488,03;2892,44;1124,805;144,375;279,56;14,93;17,88
INGLATERRA;SÍ;2010;151,46;91226;84004;92,08;17,1;1,14;;661,46;3,1;70,52;28,65;41,87;137,37;942,37;465,46;2665,85;1052,7625;134,4566667;286,82;14,87;5,12
INGLATERRA;SÍ;2011;150,95;92211;84428;91,56;16,2;0,94;;602,28;2,71;68,47;28,67;39,8;133,53;895,81;438,59;2649,05;1029,245;123,8116667;286,13;14,58;13,93
INGLATERRA;SÍ;2012;150,59;92933;84886;91,34;16;0,97;;551,63;2,46;69,06;29,05;40,01;115,58;815,67;403,19;2414,98;937,355;115,53;286,65;14,27;13,23
INGLATERRA;SÍ;2013;144,27;88444;81884;92,58;15,9;0,92;;566,5;3,04;82,57;36,56;46,01;101,88;780,87;373,49;2337,36;898,4;122,6;279,35;13,24;10,65
INGLATERRA;SÍ;2014;146,35;89739;83678;93,25;16,8;0,89;;653,16;3,83;137,79;51,4;61,07;87,71;718,55;343,76;2342,92;873,235;151,3566667;283,2;13,45;7,15
INGLATERRA;SÍ;2015;146,42;89116;84444;94,76;16,6;0,95;;746,93;5,24;184,81;62,28;71,82;88,7;695,62;337,18;2354,96;869,115;178,6716667;283,29;13,28;6,08
INGLATERRA;SÍ;2016;146,11;89170;83604;93,76;15,9;1,16;;802,85;6,62;210,19;71,59;79,39;102,06;708,87;354,61;2524,38;922,48;195,3;277,96;13,01;5,55
INGLATERRA;SÍ;2017;144,19;88849;84441;95,04;17;1,2;;875,94;7,73;258,05;92,29;95,29;131,63;747,32;426,08;2686,01;997,76;221,75;278,13;13,44;5,14
INGLATERRA;SÍ;2018;138,91;88491;81904;92,56;18,6;1,14;;927,84;8,86;274,81;99,48;100,17;;717,21;401,15;2702,02;1273,46;235,3833333;268,08;12,68;5,21
IRLANDA;SÍ;2009;85,55;4323;3868;89,47;;1,17;0,15;82,23;1,85;31,98;8,05;23,93;55,78;608,27;;1701,11;788,3866667;21,33714286;163,81;5,42;4,97
IRLANDA;SÍ;2010;94,91;4480;4318;96,38;15,2;1,21;0,15;80,91;1,8;46,88;10,28;36,59;71,08;573,58;;1684,89;776,5166667;25,40285714;157,45;6,03;
IRLANDA;SÍ;2011;92,24;4480;4216;94,11;15,2;0,92;0,17;77,46;1,68;39,53;9,75;29,77;64,62;616,73;;1677,33;786,2266667;22,75428571;157,53;5,3;2,05
IRLANDA;SÍ;2012;93,55;4622;4287;92,75;16,3;1,13;0,19;70,11;1,41;40,04;9,97;30,06;61,33;620,57;;1660,87;780,9233333;21,84428571;157,24;5,27;2,02
IRLANDA;SÍ;2013;89,04;4244;4088;96,32;15,7;1,11;0,28;66,89;1,74;38,73;8,52;30,21;60,88;572,65;;1708,33;780,62;21,06857143;158,22;5,26;1,64
IRLANDA;SÍ;2014;82,01;4145;3777;91,12;16,4;1,15;0,33;68,2;1,3;40,19;10,35;29,84;57,14;596,81;;1673,6;775,85;21,62285714;135,9;5,16;0,68
IRLANDA;SÍ;2015;81,12;4695;3755;79,98;16,2;0,64;0,28;75,17;1,97;49,3;14,24;30,02;51,82;549,68;;1554,55;718,6833333;24,51714286;135,28;4,95;1,01
IRLANDA;SÍ;2016;78,67;;3718;;16,8;0,74;0,51;76,89;1,57;53,87;14,73;32,48;41,36;382,35;;1312,72;578,81;25,82714286;127,48;3,98;4,98
IRLANDA;SÍ;2017;76,92;;3680;;15,6;0,88;0,29;85,3;1,59;60,47;17,47;35,47;42,24;391,94;;1399,18;611,12;28,78142857;:;:;1,18
IRLANDA;SÍ;2018;82,02;;3962;;14,9;0,87;0,29;93,28;;66,12;20,45;37,04;45,03;344,36;;1336,02;575,1366667;36,34166667;:;:;
IRLANDA DE NORTE;SÍ;2009;85,38;1842;1525;82,79;;1,62;6,38;89,86;4,59;99,04;23,63;75,41;73,62;710,96;421,23;1601,62;701,8575;42,93285714;166,9;5,16;4,44
IRLANDA DE NORTE;SÍ;2010;81,43;1765;1465;83;;1,28;6,56;80,66;3,11;103,83;27,68;76,15;74,99;658,8;395,55;1310,66;610;42,75285714;159,04;5,01;
IRLANDA DE NORTE;SÍ;2011;92,45;1765;1673;94,79;;1,27;6,13;79,91;3,65;101,68;30,28;71,4;70,13;621,26;384,46;1352,83;607,17;42,04571429;183,11;4,88;3,95
IRLANDA DE NORTE;SÍ;2012;92,47;1765;1682;95,3;;1,15;6,38;70,26;2,47;102,2;27,65;74,55;57,18;523,44;322,61;1309,78;553,2525;40,66571429;182,86;5,5;0,93
IRLANDA DE NORTE;SÍ;2013;98,32;1905;1796;94,28;;1,09;5,58;59,84;3,23;117,87;29,73;54,03;53,05;499,55;317,74;1493,93;591,0675;38,76714286;193,34;6,88;0
IRLANDA DE NORTE;SÍ;2014;93,02;1914;1709;89,29;;0,93;6,04;63,79;2,39;140,53;37,39;62,86;49,31;483,81;310,95;1460,35;576,105;44,84714286;183,15;6,2;0
IRLANDA DE NORTE;SÍ;2015;78,34;1793;1447;80,7;;1,3;6,06;65,29;3,52;157,62;40,79;70,52;43,87;496,24;330,3;1392,41;565,705;49,3;154,82;4,57;0
IRLANDA DE NORTE;SÍ;2016;75,7;;1407;;;0,97;4,2;59,78;4,36;171,35;44,6;73,5;36,24;397,84;267,04;1294,58;498,925;51,25142857;148,89;5,08;0
IRLANDA DE NORTE;SÍ;2017;75,59;;1411;;;1,29;5,3;56,41;3,59;179,79;51;75,8;30,38;365,36;;1253,97;549,9033333;53,31142857;147,75;5,8;0
IRLANDA DE NORTE;SÍ;2018;75;1855;1407;75,85;;1,23;3,94;56,66;4,37;193,02;58,1;77,99;33,1;340,52;;1288,84;554,1533333;56,47285714;:;:;0
ISLANDIA;NO;2009;46,34;145;148;102,07;;0,31;1,25;24,74;;;24,42;;18,79;1103,43;303,1;1750,02;793,835;12,68;83,92;4,45;2,47
ISLANDIA;NO;2010;52,58;;167;;9,8;0,63;1,26;17,95;;;30,85;;13,22;902,31;296,26;1548,97;690,19;12,6725;99,41;5,07;0
ISLANDIA;NO;2011;47,1;;150;;9,2;0,94;0,94;18,84;;;40,19;;13,19;596,64;192,49;1319,82;530,535;15,2275;87,5;5,05;0
ISLANDIA;NO;2012;47,88;141;153;108,51;7,9;0,31;1,88;23,16;;;38,18;;15,65;429,95;141,75;1297,66;471,2525;15,8825;86,68;8,17;2,49
ISLANDIA;NO;2013;47,23;164;147;89,63;9,3;0,31;1,55;28,58;;227,12;55,93;17,4;15,22;339,28;118,69;1274,48;436,9175;55,14833333;87,34;3,74;1,25
ISLANDIA;NO;2014;47,29;155;154;99,35;7,9;0,61;1,54;31,01;;128,66;39,61;12,59;15,66;350,97;119,45;1126,9;403,245;35,67;92,46;1,85;0
ISLANDIA;NO;2015;42,24;148;139;93,92;9,2;0,91;0,3;25,83;;134,31;54,09;13,67;16,1;386,81;122,15;1225,16;437,555;38,185;79,3;4,88;0
ISLANDIA;NO;2016;34,88;140;116;82,86;8,8;0,3;1,8;22,25;;149,76;55,63;13,53;15,04;312,15;92,92;1044,12;366,0575;40,545;65,16;4,24;0
ISLANDIA;NO;2017;40,49;;137;;10,1;0,89;2,36;30,44;;140,68;62,95;20,39;14,48;313,29;113,2;1129,6;392,6425;42,95166667;73,67;6,57;0
ISLANDIA;NO;2018;39,03;;136;;8,8;0,57;1,43;35,01;;158,13;75,48;11,48;;369,06;145,79;942,75;485,8666667;47,01666667;72,07;4,68;0
ITALIA;SÍ;2009;111,18;44838;65598;146,3;;1;2,28;111,2;0,59;;;8,41;85,99;;255,66;1953,07;764,9066667;24,696;217,15;9,04;12,01
ITALIA;SÍ;2010;117,02;45791;69263;151,26;18,7;0,89;2,21;109,59;0,59;;;8,13;81,09;;285,8;1594,9;653,93;24,282;226,99;9,59;15,05
ITALIA;SÍ;2011;115,09;46452;68325;147,09;19,8;0,93;2,36;115,39;0,6;;;7,78;98,05;;345,14;1750;731,0633333;25,412;223,19;9,16;12,94
ITALIA;SÍ;2012;112,98;47864;67102;140,19;19,5;0,89;2,23;117,06;0,57;;;7,89;105,47;;399,63;1795,91;767,0033333;25,728;218,95;9,14;14,22
ITALIA;SÍ;2013;106,97;48559;63848;131,49;19,3;0,85;2,05;111,11;0,54;7,52;;7,52;106,84;;421,25;2183,71;903,9333333;21,59833333;211,37;9,04;14,01
ITALIA;SÍ;2014;90,07;50282;54745;108,88;19,4;0,8;2,06;110,24;0,49;7,82;;7;64,55;;420,99;2167,27;884,27;21,40166667;177,62;7,59;13,09
ITALIA;SÍ;2015;87,85;50239;53410;106,31;19,9;0,77;1,98;107,03;0,47;7,42;;6,58;57,71;;386,09;2021,7;821,8333333;20,70833333;173,56;7,05;11,05
ITALIA;SÍ;2016;92,27;50806;55978;110,18;20,6;0,67;1,78;105,72;0,32;7,44;;;55,09;;352,84;1867,31;758,4133333;23,186;181,96;7,62;12,34
ITALIA;SÍ;2017;97,44;51078;59038;115,58;20,3;0,61;1,81;108,77;0,33;8,44;;;51,44;;323,2;1765,93;713,5233333;23,992;191,95;8,08;13,24
ITALIA;SÍ;2018;101,07;51141;61131;119,53;20,3;0,57;1,74;109,7;0,31;8,9;;;47,92;;316,4;1655,52;673,28;24,244;198,56;8,69;14,43
KOSOVO;NO;2009;;;;;;3,35;8,39;162,29;2,29;6,28;2,02;4,26;26,87;270,24;105,7;631,5;258,5775;26,98285714;:;:;
KOSOVO;NO;2010;;;;;;4,8;6,84;170,28;1,95;5,53;1,49;4,03;25,63;317,87;134,82;689,91;292,0575;27,84571429;:;:;7,88
KOSOVO;NO;2011;80,32;1484;1441;97,1;;3,46;10,98;208,62;1,73;6,97;1,34;5,63;35,06;423,81;185,54;955,37;399,945;34,10428571;149,51;5,17;
KOSOVO;NO;2012;;1785;1737;97,31;;;;;;;;;;;;;;;:;:;
KOSOVO;NO;2013;;2127;1776;83,5;;;;;;;;;;;;;;;:;:;
KOSOVO;NO;2014;;2132;1854;86,96;;;;;;;;;;;;;;;:;:;
KOSOVO;NO;2015;;2394;1478;61,74;;;;;;;;;;;;;;;:;:;
KOSOVO;NO;2016;93,02;2290;1648;71,97;;1,64;8,3;20,49;1,24;5,59;1,58;3,16;16,26;336,08;252,14;710,82;328,825;6;181,71;4,84;
KOSOVO;NO;2017;95,82;2290;1709;74,63;;1,85;7,51;18,56;0,9;24,73;1,63;2,8;17,21;289,99;;312,25;206,4833333;8,282857143;189,29;4,33;10,08
KOSOVO;NO;2018;87,13;1567;1567;100;27,9;2,39;7,73;16,9;0,89;20,18;1,78;2,56;;289,24;;309,65;299,445;7,49;171,59;4,72;6,87
LATVIA;NO;2009;326,19;8015;7055;88,02;;4,99;0;56,18;0,42;;3,19;;70,09;132,97;83,64;1348,37;408,7675;12,956;655,22;34,35;48,66
LATVIA;NO;2010;319,74;8333;6780;81,36;20,9;3,3;0,61;57,82;0,38;;3,68;;50,55;72,39;37,73;1210,04;342,6775;13,158;645,87;36,62;9,76
LATVIA;NO;2011;316,25;;6561;;19;3,33;1,06;55,96;0,34;;2,41;;50,47;;;;50,47;12,62;641,08;36,92;23,47
LATVIA;NO;2012;299,15;7970;6117;76,75;19,2;4,74;0,64;64,8;0,05;;3,13;;46,12;47,78;35,75;1043,67;293,33;14,672;603,97;37,48;18,88
LATVIA;NO;2013;253,78;8144;5136;63,06;19,4;3,41;0,25;22,63;0,89;22,33;3,61;15,02;45,31;47,19;34,74;1019,01;286,5625;9,734285714;516,85;31,62;15,64
LATVIA;NO;2014;237,08;5852;4745;81,08;21,2;3,85;0,2;28,43;0,85;27,63;3,75;18,44;40,42;30,58;21,58;1028,15;280,1825;11,87857143;479,8;31,81;13,26
LATVIA;NO;2015;221,99;5871;4409;75,1;22,5;4,08;0,1;26,89;0,86;23,46;3,02;12,24;39,22;25,23;12,84;976,14;263,3575;10,09285714;444,58;33,31;10,99
LATVIA;NO;2016;215,49;4409;4243;96,23;21,8;5,64;0,71;33,37;0,41;11,17;7,21;4,22;33,06;323,27;88,02;739,99;296,085;8,961428571;430,61;32,78;12,05
LATVIA;NO;2017;193,07;3783;3765;99,52;22,1;5,59;0,92;33,69;0,21;13,44;8,26;5,74;30,97;300,08;73,28;745,29;287,405;9,692857143;387,86;27,6;12,21
LATVIA;NO;2018;182,07;3522;3522;100;23,3;5,22;1,19;33,4;0,52;15,25;9,1;6,88;27,61;280,3;66,33;726,18;275,105;10,22285714;365,09;26,23;11,5
LIECHTENSTEIN;NO;2009;418,67;20;149;745;;0;0;252,89;0;;0;;5,62;547,92;542,3;564,78;415,155;50,578;847,02;50,01;0
LIECHTENSTEIN;NO;2010;211,73;20;76;380;;2,79;0;214,52;0;;0;;5,57;284,17;;484,76;258,1666667;43,462;393,94;27,59;0
LIECHTENSTEIN;NO;2011;196,41;20;71;355;;0;8,3;215,77;0;;5,53;;2,77;271,1;248,97;509;257,96;45,92;380,19;16,43;14,88
LIECHTENSTEIN;NO;2012;164,5;20;60;300;;0;0;189,17;0;;10,97;;13,71;383,82;139,82;540,1;269,3625;40,028;315,93;16,28;0
LIECHTENSTEIN;NO;2013;184,59;20;68;340;;0;0;279,6;0;16,29;8,14;105,87;2,71;339,32;249,74;632,5;306,0675;58,55714286;356,22;16,14;0
LIECHTENSTEIN;NO;2014;142,75;20;53;265;;2,69;2,69;323,2;0;21,55;13,47;37,71;2,69;597,92;312,42;576,37;372,35;57,33;266,3;21,36;0
LIECHTENSTEIN;NO;2015;141,84;20;53;265;;0;0;216,77;0;24,09;5,35;42,82;8,03;449,61;272,98;516,51;311,7825;41,29;269,5;15,95;0
LIECHTENSTEIN;NO;2016;191,38;20;72;360;;0;0;188,72;0;23,92;5,32;18,61;10,63;374,78;204,67;520,97;277,7625;33,79571429;364,42;21,09;0
LIECHTENSTEIN;NO;2017;193,07;20;73;365;;2,64;;219,52;;21,16;13,22;;5,29;335,89;;394,08;245,0866667;64,135;368,08;20,98;0
LIECHTENSTEIN;NO;2018;165,29;20;63;315;;2,62;;207,27;;23,61;13,12;;5,25;367,32;;425,04;265,87;61,655;322,92;10,4;0
LITUANIA;SÍ;2009;271,84;9062;8655;95,51;;7,54;0,6;6,91;1,85;11,37;4,68;6,69;105,63;;182,14;954,16;413,9766667;5,662857143;549,77;21,46;30,09
LITUANIA;SÍ;2010;290,87;9399;9139;97,23;20,5;6,33;0,57;7,8;2,2;16,36;6,62;9,74;86,79;;156,11;844,37;362,4233333;7,088571429;590,75;24,47;10,34
LITUANIA;SÍ;2011;324,97;9399;9920;105,54;19,2;6,19;0,75;6,75;1,57;17,33;6,26;11,07;81,96;;133,69;894,29;369,98;7,131428571;666,06;25,34;26,22
LITUANIA;SÍ;2012;323,91;9399;9729;103,51;18,6;6,03;0,6;5,93;2,16;14,68;5,93;8,76;64,02;;117,39;781,65;321,02;6,298571429;663,67;26,85;22,61
LITUANIA;SÍ;2013;311,62;9399;9261;98,53;20,6;5,79;0,47;7,1;1,55;8,58;4,48;4,11;62,79;109,86;109,86;940,54;305,7625;4,582857143;645,12;26,82;20,13
LITUANIA;SÍ;2014;293,4;9399;8636;91,88;19,1;5,27;0,65;6,93;0;10,77;5,37;5,4;57,35;113,54;113,54;947,69;308,03;4,912857143;608,85;23,94;16,37
LITUANIA;SÍ;2015;251,77;9399;7355;78,25;22,2;5,75;0,72;7,33;0;9;5,31;3,7;54,43;102,66;102,66;779,9;259,9125;4,544285714;524,34;18,79;15,77
LITUANIA;SÍ;2016;235,93;8011;6815;85,07;21,9;4,92;0,66;7,48;0;7,2;3,81;3,39;46,46;91,98;91,98;691,11;230,3825;3,922857143;488,34;20,65;16,21
LITUANIA;SÍ;2017;231,71;8011;6599;82,37;22,9;3,97;0,56;6,25;0;7,94;4,35;3,58;38,2;90,94;90,94;598,33;204,6025;3,807142857;477,68;21,55;11,19
LITUANIA;SÍ;2018;230,87;8011;6485;80,95;22,9;3,45;1,1;6,59;0;7,8;4,13;3,67;29,26;70,6;70,6;456,87;156,8325;3,82;476,45;20,11;9,99
LUXEMBURGO;SÍ;2009;142,25;;702;;;1,01;16,01;476,19;8,11;72,95;11,35;61,6;84,7;597,97;332,12;1434,45;612,31;92,46;269,16;15,28;4,71
LUXEMBURGO;SÍ;2010;135,64;;681;;14,5;1,59;15,34;118,71;5,38;64,93;13,15;51,79;75,09;480,61;269,29;1437,66;565,6625;38,69857143;261,02;9,1;0
LUXEMBURGO;SÍ;2011;124,45;;637;;13,6;0,78;17,39;133,05;9,18;69,16;13,68;55,49;77,76;699,24;420,83;1714,4;728,0575;42,67571429;233,29;14;6,53
LUXEMBURGO;SÍ;2012;126,89;;666;;15,1;0,57;20,96;128,99;10,86;75,83;14,48;61,35;100,41;602,64;354,77;1761,06;704,72;44,72;242,15;11,79;6,81
LUXEMBURGO;SÍ;2013;122,15;;656;;15,9;0,37;15,46;132,76;8,94;66,48;16,57;58,84;108,37;632,91;414,87;1924,26;770,1025;42,77428571;232,11;12,28;0,92
LUXEMBURGO;SÍ;2014;113,88;711;626;88,05;16,4;0,73;15,28;132,44;9,46;65,31;13,28;65,86;111,88;794,64;603,08;1866,36;843,99;43,19428571;218,09;9,47;3,62
LUXEMBURGO;SÍ;2015;122,74;711;691;97,19;15,3;0,89;11,55;108;9,41;58,26;12,08;51,16;98,41;374,98;478,9;1632,98;646,3175;35,90714286;230,87;14,24;3,57
LUXEMBURGO;SÍ;2016;125,64;711;724;101,83;15,8;0,87;12,49;98,74;8,68;72,71;18,39;;79,65;328,33;368,42;1727,38;625,945;35,31333333;119,39;6,25;1,77
LUXEMBURGO;SÍ;2017;115,8;711;684;96,2;16,4;0,34;12,53;99,04;7,79;61,29;14,22;;76,86;342,66;;1708,24;709,2533333;32,535;218,11;12,58;1,21
LUXEMBURGO;SÍ;2018;108,97;711;656;92,26;16,7;0,5;11,46;101,49;5,98;59,47;12,62;;;609,13;;1712,94;1161,035;31,92;205,9;11,02;1,83
MACEDONIA;NO;2009;;1941;;0;;1,71;2,25;11,13;0,78;;1,81;;29,14;561,35;78,69;280,38;237,39;3,536;210,36;5,38;15,11
MACEDONIA;NO;2010;;2041;;0;27;1,9;1,85;12,08;0,83;;1,36;;29,42;652,74;78,43;264,19;256,195;3,604;209,95;5,37;
MACEDONIA;NO;2011;;1941;;0;26,8;1,31;1,9;11,62;0,68;;1,99;;24,94;703,11;104,99;269,87;275,7275;3,5;209,72;4,87;14,31
MACEDONIA;NO;2012;;;;;26,2;1,36;2,33;10,24;0,92;;2,09;;22,77;727,5;96,47;292,94;284,92;3,388;:;:;14,09
MACEDONIA;NO;2013;;;;;24,2;0,97;2,52;10,47;0,87;7,32;1,84;5,48;22,69;732,63;127,96;268,15;287,8575;4,21;:;:;
MACEDONIA;NO;2014;;;;;22,1;1,21;3,63;10,31;0,39;6,54;2,18;;14,76;634,53;139,46;241,22;257,4925;4,043333333;:;:;
MACEDONIA;NO;2015;;;;;21,5;1,01;2,27;7,44;0,53;5,8;1,98;;13,44;;;;13,44;3,171666667;:;:;
MACEDONIA;NO;2016;155,99;;3231;;21,9;0,82;2,8;8,35;0,48;5,5;1,74;;11,97;;;;11,97;3,281666667;301,56;9,87;
MACEDONIA;NO;2017;146,16;2519;3031;120,33;22,2;1,21;2,7;7,14;0,34;4,92;1,69;;20,11;;;;20,11;3;260,92;6,86;4,29
MACEDONIA;NO;2018;;;;;21,9;;;;;;;;;;;;;;:;:;7,62
MALTA;SÍ;2009;120,22;547;494;90,31;;0,97;1,46;42,1;0;19,95;2,92;17,03;49,16;329,01;197,6;1762,85;584,655;12,06142857;213,58;13,57;35,88
MALTA;SÍ;2010;141,05;584;584;100;15,5;0,97;0,97;43,48;0;21,98;2,66;19,32;47,34;400,94;214,96;1876,45;634,9225;12,76857143;250,24;16,36;
MALTA;SÍ;2011;140,73;618;584;94,5;15,6;0,72;1,45;43,62;0;16,63;4,34;12,29;52,77;405,79;229,4;2053,07;685,2575;11,29285714;252,42;16,78;42,89
MALTA;SÍ;2012;140,1;646;585;90,56;15,1;2,39;1,44;41,67;0;19,64;3,11;16,53;61,55;402,83;240,45;2081,21;696,51;12,11142857;243,63;22,4;36,01
MALTA;SÍ;2013;145,95;628;615;97,93;15,8;1,42;0,71;51,74;0;22,31;3,56;18,75;49,13;341,27;184,4;2009,9;646,175;14,07;272,06;20,81;41,71
MALTA;SÍ;2014;136,58;622;581;93,41;15,8;1,41;1,18;37,61;0;18,1;2,59;15,52;44,67;381,77;219,1;1927,2;643,185;10,91571429;256,09;17,37;18
MALTA;SÍ;2015;129,41;622;569;91,48;16,6;0,93;0,23;42,62;0;24,22;5,36;18,87;55,04;236,76;165,83;2015,4;618,2575;13,17571429;239,47;18,7;18,5
MALTA;SÍ;2016;122,78;675;553;81,93;16,5;1,11;0,22;44,4;0;19,54;5,99;13,54;57,5;239,33;177,72;2030,6;626,2875;12,11428571;227,92;16,52;19,25
MALTA;SÍ;2017;128,4;675;591;87,56;16,7;1,96;1,3;40,41;0;16,95;4,13;12,82;43,88;275,26;185,32;1793,41;574,4675;11,08142857;6,91;0,87;20,59
MALTA;SÍ;2018;;;;;16,8;1,26;1,26;38,47;0;19,55;3,78;15,77;43,72;254,57;181,63;1372,29;463,0525;11,44142857;:;:;22,95
MONTENEGRO;NO;2009;242,89;1022;1499;146,67;;1,62;6,64;30,14;0,49;7,62;1,46;6,16;1,13;271,08;;106,29;126,1666667;7,732857143;477,17;12,46;6,06
MONTENEGRO;NO;2010;235,38;1066;1457;136,68;;2,1;6,79;31,18;0,32;7,11;0,81;6,3;0,48;223,1;;85,62;103,0666667;7,801428571;455,73;18,8;2,92
MONTENEGRO;NO;2011;214,25;1116;1328;119;;3,07;2,74;25,97;0,48;3,87;0,48;3,39;23,23;199,08;;108,57;110,2933333;5,714285714;418,78;11,79;4,74
MONTENEGRO;NO;2012;214,57;1116;1331;119,27;;2,42;2,58;27,08;0;3,87;0,48;3,39;18,86;222,95;;138,16;126,6566667;5,688571429;414,22;16,88;6,18
MONTENEGRO;NO;2013;171,37;1116;1064;95,34;25,2;1,45;6,44;27,86;0,16;4,03;0,64;3,06;25,93;190,21;;119,02;111,72;6,234285714;340,61;6,05;6,24
MONTENEGRO;NO;2014;180,69;;1123;;24,1;3,06;8,69;20,76;0;4,99;0,8;4,18;30,25;153,01;;143,52;108,9266667;6,068571429;355,52;9,86;1,4
MONTENEGRO;NO;2015;181,8;;1131;;24,4;2,73;6,43;22,5;0;4,18;0,8;3,38;25,08;150,94;;132,94;102,9866667;5,717142857;356,4;11,13;3,55
MONTENEGRO;NO;2016;180,48;1375;1123;81,67;24;3,86;5,63;20,57;0,32;3,54;0,32;2,57;20,57;136,13;;81,32;79,34;5,258571429;353,23;11,45;3,58
MONTENEGRO;NO;2017;179,79;1345;1119;83,2;23,6;1,77;8,19;23,62;0;3,7;1,61;1,12;18,96;145,09;;80,82;81,62333333;5,715714286;355,16;8,26;2,88
MONTENEGRO;NO;2018;180,76;1345;1125;83,64;23,8;2,09;5,95;24,58;0;3,7;1,29;2,09;19,76;109,42;;70,7;66,62666667;5,671428571;361,34;4,13;9,2
NORUEGA;NO;2009;69,59;;3340;;;0,6;0,96;64,45;;67,48;30,85;30,1;37,01;493,33;188,26;3335,17;1013,4425;32,40666667;127,05;8,78;0,72
NORUEGA;NO;2010;73,36;;3564;;11,2;0,6;0,97;60,21;;68,29;29,76;32,23;34,72;438,39;149,93;3112,96;934;32,01;134,75;9,09;
NORUEGA;NO;2011;78,57;;3866;;10,5;2,26;0,79;57,66;;73,41;32,94;33,79;32,99;365,49;117,68;3010,55;881,6775;33,475;144,5;10,25;0,72
NORUEGA;NO;2012;81,27;;4052;;10;0,54;1;55,78;;71,72;33,01;31,78;29,76;348,81;120,08;3116,11;903,69;32,305;148,87;9,97;0,9
NORUEGA;NO;2013;76,59;;3869;;10,9;0,93;1,13;50,8;;69,8;31,56;32,29;33;311,6;108,05;2889,17;835,455;31,085;143,38;7,95;1,43
NORUEGA;NO;2014;;3916;4103;104,78;10,9;0,57;1,17;46,54;;73,34;31,91;35,38;20,81;291,51;98,57;2584,55;748,86;31,485;149,75;8,03;0,75
NORUEGA;NO;2015;;3850;4056;105,35;11,9;0,46;1,18;43,34;;84,37;36,85;40,99;18;;;2222,55;1120,275;34,53166667;145,51;8,26;0,27
NORUEGA;NO;2016;80,45;3880;4192;108,04;12,2;0,52;0,79;42,2;;106,7;42,89;56,13;15,54;;;2005,61;1010,575;41,53833333;147,7;9,43;0,44
NORUEGA;NO;2017;79,19;;4164;;12,3;0,53;0,93;40,16;;107,16;43,89;55,09;14,85;;;1791,05;902,95;41,29333333;144,31;10,62;0,27
NORUEGA;NO;2018;;;;;12,9;0,47;1,32;37,16;;109,45;48,42;51,63;;;;1743,33;1743,33;41,40833333;:;:;0,97
PAÍSES BAJOS;SÍ;2009;87,13;17668;14364;81,3;;0,93;18,45;398,46;3,79;62,14;11,65;50,5;98,66;1721,39;573,71;4266,19;1664,9875;77,98857143;156,86;10,76;19,09
PAÍSES BAJOS;SÍ;2010;86,68;16033;14368;89,62;10,3;;23,17;39,85;3,92;33;9,89;14,96;98,28;744,22;475,6;2289,38;901,87;20,79833333;156,53;10,42;11,96
PAÍSES BAJOS;SÍ;2011;83,87;15509;13969;90,07;11;;23,76;39,36;3,45;31,16;9,4;13,06;93,57;747,31;497,66;2359;924,385;20,03166667;153,22;9,38;18,64
PAÍSES BAJOS;SÍ;2012;80,53;15731;13473;85,65;10,1;;21,61;37,09;3,59;29,08;8,64;12,37;89,3;723,57;512,9;2347,68;918,3625;18,73;147,49;8,43;15,68
PAÍSES BAJOS;SÍ;2013;75,81;15283;12721;83,24;10,4;0,88;19,43;33,25;3,13;26,34;7,42;11,62;79,53;717,96;509,4;2335,85;910,685;14,58142857;144,82;8,14;15,63
PAÍSES BAJOS;SÍ;2014;70,91;14665;11934;81,38;11,6;0,86;;31,73;2,47;25,49;7,25;10,78;62,09;614,2;423,28;2171,04;817,6525;13,09666667;135,14;7,9;13,66
PAÍSES BAJOS;SÍ;2015;64,2;14299;10850;75,88;11,6;0,71;;30,18;2,57;24,61;7,48;10,12;57,57;571,51;392,44;1982,87;751,0975;12,61166667;123,63;5,85;13,39
PAÍSES BAJOS;SÍ;2016;62,44;;10601;;12,7;0,64;;29,57;2,47;27,89;9,04;13,05;52,92;498,2;334,09;1790,82;669,0075;13,77666667;119,05;6,77;11,99
PAÍSES BAJOS;SÍ;2017;63,66;;10874;;13,2;0,92;;28,01;2,28;28,19;10,3;12,88;46,75;437,29;292,13;1516,82;573,2475;13,76333333;121,27;6,93;12,32
PAÍSES BAJOS;SÍ;2018;65,48;;11251;;13,3;0,69;;26,63;2,44;30,21;11,06;13,74;45,84;366,04;246,7;1362,84;505,355;14,12833333;124,59;7,25;12,34
POLONIA;SÍ;2009;224,85;86019;85749;99,69;;1,29;0,96;32,93;0,15;;4,01;;50,52;355;58,2;545,93;252,4125;7,868;422,18;12,34;75,79
POLONIA;SÍ;2010;216,64;86755;82372;94,95;17,6;1,15;0,97;28,96;0,07;;4,12;;50,91;368,42;63,44;536,3;254,7675;7,054;407,38;12,82;26,96
POLONIA;SÍ;2011;217,62;87961;82832;94,17;17,7;1,18;0,79;28,12;0,03;;3,94;;46,58;356,28;67,11;604,91;268,72;6,812;412,44;12,51;66,75
POLONIA;SÍ;2012;224,52;88498;85459;96,57;17,1;0,99;1;25,54;0,83;;3,76;;43,83;336,18;70,47;606,22;264,175;6,424;426,91;13,43;60,76
POLONIA;SÍ;2013;210,61;88662;80165;90,42;17,3;0,78;1,13;23,96;1,17;8,03;2,07;1,14;51,32;311,42;60,11;557,35;245,05;5,468571429;420,03;14,1;58,64
POLONIA;SÍ;2014;208,7;87742;79345;90,43;17;0,74;1,17;21,7;0,77;7,71;2,09;1,01;36,48;281,17;33,04;443,39;198,52;5,027142857;416,07;14,13;50,95
POLONIA;SÍ;2015;191,27;89164;72695;81,53;17,6;0,76;1,18;18,31;0,65;7,25;1,73;1,11;26,86;249,12;30,04;382,08;172,025;4,427142857;381,12;13,15;57,73
POLONIA;SÍ;2016;190,19;89178;72209;80,97;17,3;0,67;0,79;20,07;;8,31;2,08;1,35;25,37;210,52;;332,9;189,5966667;5,545;378,55;13,39;49,34
POLONIA;SÍ;2017;196,14;88637;74480;84,03;15;0,73;0,93;19,23;;8,48;1,89;1,2;21,37;178,32;55,62;281,58;134,2225;5,41;389,04;15,22;31,66
POLONIA;SÍ;2018;191,74;85940;72818;84,73;14,8;0,7;1,32;17,41;;8,76;1,99;1,1;17,91;182,08;51,06;260,25;127,825;5,213333333;379,69;15,46;31,07
PORTUGAL;SÍ;2009;106,85;12102;11287;93,27;;1,23;;6,85;5,1;24,2;3,57;20,63;193,81;466,88;246,57;1147,39;513,6625;10,26333333;206,98;11,15;26,34
PORTUGAL;SÍ;2010;111,97;12174;11839;97,25;17,9;1,17;;8,16;4,74;20,86;4,01;16,85;193,33;479,03;252,07;899,08;455,8775;9,298333333;216,95;11,38;18,8
PORTUGAL;SÍ;2011;122,53;12330;12955;105,07;18;1,08;;7,68;4,8;20,64;3,54;17,1;192,68;492,65;267,74;930,68;470,9375;9,14;236,86;12,88;27,94
PORTUGAL;SÍ;2012;131,61;12342;13875;112,42;17,9;1,16;;6,65;3,97;20,24;3,56;16,69;175,61;415,87;238,57;970,09;450,035;8,711666667;255,56;13,75;32,86
PORTUGAL;SÍ;2013;138,6;12400;14535;117,22;18,7;1,37;;5,53;4,12;20,37;3,29;17,08;158,19;366,06;211,74;904,92;410,2275;8,626666667;263,09;15,28;32,23
PORTUGAL;SÍ;2014;136,16;12591;14198;112,76;19,5;0,88;;5,2;3,61;22,35;3,59;18,77;149,55;331,94;185,21;873,1;384,95;9,066666667;260,69;15,27;29,42
PORTUGAL;SÍ;2015;138,54;12591;14373;114,15;19,5;0,96;;4,52;3,56;23,57;3,61;19,95;149,13;283,24;156,01;948,78;384,29;9,361666667;267,12;15,68;23,64
PORTUGAL;SÍ;2016;134,58;12600;13917;110,45;19;0,64;;5,04;2,86;23,91;3,24;20,67;128,74;253,28;138,95;863,57;346,135;9,393333333;:;:;20,05
PORTUGAL;SÍ;2017;131,79;12694;13587;107,03;18,3;0,74;;5,66;2,83;24,62;3,96;20,66;115,28;221,86;119,31;858,82;328,8175;9,745;254,01;15,64;18,26
PORTUGAL;SÍ;2018;126,53;12934;13021;100,67;17,3;0,79;;5,63;2,65;23,93;4,09;19,84;102,47;221,86;118,17;850,93;323,3575;9,488333333;243,83;15,16;18,87
REPÚBLICA CHECA;SÍ;2009;209,61;;21853;;;1,01;0,73;45,62;0,12;16,59;4,6;11,99;44,96;526,08;45,94;1334,32;487,825;11,52285714;:;18,82;8,92
REPÚBLICA CHECA;SÍ;2010;209,33;;21900;;9;1;0,65;45,75;0,15;12,78;5,6;7,18;38,41;561,63;51,36;1214,11;466,3775;10,44428571;397,38;24,07;3,23
REPÚBLICA CHECA;SÍ;2011;220,95;20501;23170;113,02;9,8;0,79;0,86;50,2;0,1;13,88;6,44;7,45;37,01;569,02;50,13;1192,35;462,1275;11,38857143;417,41;27,72;11,28
REPÚBLICA CHECA;SÍ;2012;215,55;21307;22644;106,27;9,6;0,9;0,89;49,88;0,16;13,42;6,37;7,05;32,52;528,81;52,15;1142,53;439,0025;11,23857143;407;27,04;11,1
REPÚBLICA CHECA;SÍ;2013;158,28;20928;16645;79,53;8,6;0,86;0,87;51,14;0,19;13,47;5,6;7,86;29,01;593,22;151,75;1200,28;493,565;11,42714286;303,74;17,92;9,36
REPÚBLICA CHECA;SÍ;2014;177,49;20020;18658;93,2;9,7;0,77;0,75;49,46;0,14;13,62;6,36;7,23;24,23;469,01;122,07;993,72;402,2575;11,19;338,76;21,87;6,14
REPÚBLICA CHECA;SÍ;2015;198;20782;20866;100,4;9,7;0,84;0,64;49,62;0,11;13,49;5,67;7,79;19,19;327,15;89,65;810,06;311,5125;11,16571429;375,38;26,73;5,78
REPÚBLICA CHECA;SÍ;2016;213,01;20754;22481;108,32;9,7;0,62;0,67;47,85;0,17;13,2;6,15;6,91;15,6;267,39;76,05;674,86;258,475;10,79571429;401,79;30,61;5,23
REPÚBLICA CHECA;SÍ;2017;209,47;;22159;;9,1;0,38;0,43;45,06;0,16;13,37;5,65;7,59;14,98;228,07;68,37;624,84;234,065;10,37714286;393,06;30,46;4,48
REPÚBLICA CHECA;SÍ;2018;203,36;21058;21577;102,46;9,6;0,52;0,41;46,81;0,12;13,65;6,14;7,4;13,25;199,35;56,82;560,2;207,405;10,72142857;381,87;30,5;3,85
RUMANÍA;SÍ;2009;130,7;33960;26716;78,67;;1,94;1,89;44,38;;7,85;4,93;2,93;12,43;56,62;56,62;241,67;91,835;10,65333333;251,73;11,38;12,05
RUMANÍA;SÍ;2010;131,6;34165;28244;82,67;21,6;1,88;2,39;57,31;1,5;6,92;4,18;2,74;11,57;66,15;66,15;227,51;92,845;10,98857143;253,93;11,32;7,5
RUMANÍA;SÍ;2011;143,34;26618;30694;115,31;22,3;1,56;2,34;57,43;1,43;6,19;3,64;2,55;10,51;76,17;76,17;220,99;95,96;10,73428571;277,15;12,33;11,57
RUMANÍA;SÍ;2012;158,33;27125;31817;117,3;22,9;1,88;2,94;85,68;1,95;7,67;4,45;3,21;15,89;97,16;76,09;282,3;117,86;15,39714286;306,51;13,62;11,46
RUMANÍA;SÍ;2013;167;29389;33434;113,76;23;1,68;2,97;87,77;1,55;8,67;4,89;3,72;14,65;97,77;75,35;287,5;118,8175;15,89285714;326,54;15,2;11,56
RUMANÍA;SÍ;2014;151,18;28901;30156;104,34;25,1;1,49;2,47;11,43;1,45;7,6;4,39;3,21;32,17;256,26;128,3;824,15;310,22;4,577142857;293,65;15,07;13,52
RUMANÍA;SÍ;2015;142,59;27479;28334;103,11;25,4;1,46;2,43;1,5;1,48;8,76;5,11;0,4;16,9;148,77;76,07;545,72;196,865;3,02;277,02;14,2;8,44
RUMANÍA;SÍ;2016;138,94;27889;27455;98,44;25,3;1,25;2,22;1,54;1,75;9,05;4,76;0,5;15,67;138,32;75,07;466,08;173,785;3,01;269,89;13,96;8,46
RUMANÍA;SÍ;2017;119,37;20408;23450;114,91;23,6;1,3;1,95;1,38;1,58;7,78;7,05;0,73;16,1;138,35;73,7;489,47;179,405;3,11;232,54;11,15;10,93
RUMANÍA;SÍ;2018;106,46;19414;20792;107,1;23,5;1,37;2,28;1,29;1,56;8,97;7,49;1,47;16,77;155,96;84,91;514,1;192,935;3,49;207,72;9,5;10,67
SERBIA;NO;2009;149,63;;10975;;;1,85;2,88;19,66;0,33;5,62;1,51;4,1;62,62;193,61;83,45;243,12;145,7;5,135714286;288,71;10,67;20,06
SERBIA;NO;2010;153,44;;11211;;;1,56;2,79;19,04;0,27;6,2;0,99;5,21;49,54;207,71;81,38;217,77;139,1;5,151428571;296,46;11,38;18,49
SERBIA;NO;2011;152,66;6924;11070;159,88;;1,57;2,56;18,05;0,12;6,3;1,09;5,21;48,93;240,36;95,5;241,73;156,63;4,985714286;293,72;11,37;18,32
SERBIA;NO;2012;141,7;9000;10226;113,62;;1,44;2,81;18,33;0,15;5,47;1,18;4,3;52,53;243,96;93,37;248,04;159,475;4,811428571;277,54;6,48;21,36
SERBIA;NO;2013;139,68;9200;10031;109,03;24,5;1,84;3,08;24,37;0,13;3,65;1,95;1,68;53,64;441,33;94,63;430,02;254,905;5,242857143;275,01;11,24;18,18
SERBIA;NO;2014;143,95;9340;10288;110,15;25;1,6;2,41;21,07;0,17;4,03;1,86;2,17;45,22;374,83;85,45;374,35;219,9625;4,758571429;284,95;10,14;19,02
SERBIA;NO;2015;141,46;9459;10064;106,4;26,7;1,35;1,94;19,99;0,2;3,53;1,6;1,88;42,65;316,27;77,46;344,13;195,1275;4,355714286;279,93;10,03;20,24
SERBIA;NO;2016;150,81;9802;10672;108,88;25,9;1,5;2,15;18,92;0,11;4;1,48;2,52;34,23;278,08;73,63;317,07;175,7525;4,382857143;297,57;11,49;18,47
SERBIA;NO;2017;153,5;9892;10807;109,25;25,7;1,12;1,58;18,25;0,17;4,45;1,58;2,87;25,98;239,01;92,57;295;163,14;4,288571429;303,79;10,8;19,49
SERBIA;NO;2018;155,27;10307;10871;105,47;24,3;1,49;1,36;17,47;0,2;6,58;1,76;4,83;;206,2;84,6;270,97;187,2566667;4,812857143;305,75;12,34;19,17
SUECIA;SÍ;2009;78,71;6981;7286;104,37;;1;8,54;60,5;;162,03;58,91;103,12;103,39;1035,22;428,89;4600,93;1542,1075;65,68333333;:;8,04;0,31
SUECIA;SÍ;2010;73,29;6805;6846;100,6;14,8;0,97;8,47;59,89;;166,34;58,66;107,68;98,7;992,67;434,25;4314,18;1459,95;67,00166667;138,46;8,4;1,13
SUECIA;SÍ;2011;70,83;7045;6669;94,66;15,4;0,86;8,94;60,37;;170,94;64,35;106,59;103,22;1001,7;455,07;4407,9;1491,9725;68,675;133,72;8,25;0,78
SUECIA;SÍ;2012;66,39;6963;6296;90,42;15,2;0,72;8,41;56,29;;170,56;62,73;107,83;97,15;928,69;417,09;4306,93;1437,465;67,75666667;125,28;7,61;0,36
SUECIA;SÍ;2013;59,89;6675;5723;85,74;16;0,91;7,62;48,76;;155,83;58,96;92,86;87,5;894,24;425,43;4298,52;1426,4225;60,82333333;113,16;6,89;0,63
SUECIA;SÍ;2014;60,21;6475;5807;89,68;15,6;0,9;8,21;47,38;;175,33;65,26;105,89;86,72;865,92;393,76;4141,4;1371,95;67,16166667;113,7;6,89;0,52
SUECIA;SÍ;2015;58,39;6262;5691;90,88;16,3;1,15;8,6;47,66;;156,32;56,88;95,61;86,8;923,93;435,94;4100,05;1386,68;61,03666667;110,09;6,71;0,61
SUECIA;SÍ;2016;57,44;6252;5658;90,5;16,2;1,08;8,92;50,34;;179,48;64,06;111,32;86,91;904,02;428,6;3810,73;1307,565;69,2;107,73;7,03;0,91
SUECIA;SÍ;2017;57,16;6147;5713;92,94;15,8;1,13;9,09;46,87;;188,83;69,72;115,11;86,53;900,25;432,77;3602,88;1255,6075;71,79166667;107,01;6,99;0,64
SUECIA;SÍ;2018;60,41;6539;6114;93,5;16,4;1,07;8,58;46,53;;190,45;74,85;111,57;85,43;769,88;363,83;3303,14;1130,57;72,175;113,5;6,85;1,16
SUIZA;NO;2009;72,77;;5605;;;0,66;2,4;6,8;0,05;38,79;8,65;30,14;45,83;834,44;338,89;2387,94;901,775;12,49857143;137,48;8,81;3,72
SUIZA;NO;2010;74,04;;5765;;15;0,68;2,4;6,25;0;32;6,97;25,03;36,64;799,44;322,05;2239,32;849,3625;10,47571429;141,1;8,07;1,84
SUIZA;NO;2011;71,49;;5626;;15;0,58;2,34;6,18;0,05;35,78;7,01;28,76;39,55;828,09;361,94;2584,21;953,4475;11,52857143;136,64;7,54;3,11
SUIZA;NO;2012;76,71;;6102;;15,9;0,57;2,31;7,5;0,06;32,44;7,15;25,29;45,29;926,67;450,06;2705,06;1031,77;10,76;146,42;7,59;1,99
SUIZA;NO;2013;82,75;;6652;;14,5;0,71;1,89;7,07;0,04;33,54;7,1;26,43;39,76;854,95;493,49;2455,37;960,8925;10,96857143;158,8;8,6;3,71
SUIZA;NO;2014;80,09;7235;6519;90,1;13,8;0,5;1,62;7,48;0,01;33,75;6,83;26,92;29,08;782,66;450,84;2145,07;851,9125;11,01571429;154,2;7,7;2,05
SUIZA;NO;2015;78,88;7324;6498;88,72;15,6;0,69;1,71;7,48;0,05;32,9;6,46;26,44;22,57;638,15;372,24;1916,94;737,475;10,81857143;150,77;8,55;1,7
SUIZA;NO;2016;78,14;7483;6507;86,96;14,7;0,54;2,25;6,88;0,04;32,93;7,06;25,87;22,53;558,88;312,8;1757,62;662,9575;10,79571429;148,9;8,8;1,28
SUIZA;NO;2017;77,96;7489;6564;87,65;15,5;0,53;2,27;6,96;0,04;30,82;7,35;23,47;20,74;491,13;286,01;1680,66;619,635;10,20571429;148,39;7,47;1,27
SUIZA;NO;2018;77,82;7518;6602;87,82;14,6;0,59;1,76;6,9;0,09;33,39;7,38;26,01;19,38;458,16;276,04;1603,12;589,175;10,87428571;147,75;9,05;2,58
TURQUÍA;NO;2009;162,67;106779;116340;108,95;;2,92;;271,35;17,76;;;;12,16;118,92;61,86;244,06;109,25;97,34333333;305,42;11,27;11,91
TURQUÍA;NO;2010;166,5;114348;120814;105,65;24,4;2,43;;304,41;18,72;;;;11,83;129,94;64,07;286,58;123,105;108,52;314,16;11,5;13,05
TURQUÍA;NO;2011;174,44;116754;128604;110,15;23,5;2,29;;323,37;18,43;;;;13,11;136,52;64,47;284,67;124,6925;114,6966667;328,62;12,37;9,33
TURQUÍA;NO;2012;182,03;142460;136020;95,48;23,7;2,42;;351,06;17,97;;;;13,79;159,97;72,51;321,08;141,8375;123,8166667;344,18;12,2;10,28
TURQUÍA;NO;2013;192,36;154115;145468;94,39;23,1;;;;;;;;;;;;;;369,5;13,85;8,81
TURQUÍA;NO;2014;206,98;163129;159397;97,71;23;;;;;;;;;;;;;;399,18;15,23;8,28
TURQUÍA;NO;2015;;177636;178257;100,35;22,5;;;;;;;;;;;;;;440,56;16,81;8,73
TURQUÍA;NO;2016;254,92;202675;200727;99,04;22,8;;;;;;;;;;;;;;486,83;21,34;10,16
TURQUÍA;NO;2017;292,45;208780;233415;111,8;22,2;;;;;;;;;;;;;;557,8;25,27;10,5
TURQUÍA;NO;2018;327,73;213862;264842;123,84;22,2;;;;;;;;;;;;;;627,67;25,86;12,4
