,PAÍSES,UNIÓN_EUROPEA,AÑO,PERSONAS_PRISIÓN,CAPACIDAD_PRISIÓN_NÚMERO,NÚMERO_PERSONAS_PRISIÓN,OCUPACIÓN_REAL,ÍNDICE_POBREZA,HOMICIDIO_INTENCIONAL,INTENTO_HOMICIDIO _INTENCIONAL,ASALTO,SECUESTRO,VIOLENCIA_SEXUAL,VIOLACIÓN,AGRESIÓN_SEXUAL,ATRACO,ROBO,ROBO_RESIDENCIAS_PRIVADAS,HURTO,MEDIA_DELITOS_MENORES,MEDIA_DELITOS_CONTRA_PERSONAS,HOMBRES_PRISIÓN,MUJERES_PRISIÓN,JÓVENES,Unnamed: 24,Unnamed: 25,Unnamed: 26,Unnamed: 27,Unnamed: 28,Unnamed: 29,Unnamed: 30,Unnamed: 31,Unnamed: 32,Unnamed: 33,Unnamed: 34,Unnamed: 35,Unnamed: 36,Unnamed: 37,Unnamed: 38,Unnamed: 39,Unnamed: 40,Unnamed: 41,Unnamed: 42
0,ALBANIA,NO,2009,146.0,54.0,4425.0,4667.0,105.0,47.0,,2.0,57.0,7.0,25.0,11.0,9.0,0.0,16.0,1.0,98.0,1.0,7.0,0,91,5.0,31.0,5.0,31.0,23.0,77,96,49,32,72,3,691428571,287,2,7,25.0,,,
1,ALBANIA,NO,2010,,4381.0,4657.0,106.0,3.0,,,,,,,,,,,,,,,:,:,3.0,33.0,,,,,,,,,,,,,,,,,
2,ALBANIA,NO,2011,164.0,53.0,4417.0,4659.0,105.0,48.0,,4.0,38.0,7.0,56.0,5.0,97.0,0.0,7.0,1.0,55.0,0.0,78.0,0,78,9.0,46.0,9.0,36.0,34.0,57,163,19,54,145,3,12857143,330,28,5,96.0,,,
3,ALBANIA,NO,2012,,4577.0,4618.0,100.0,9.0,,,,,,,,,,,,,,,:,:,,,,,,,,,,,,,,,,,,,
4,ALBANIA,NO,2013,,4577.0,4998.0,109.0,2.0,,,,,,,,,,,,,,,:,:,,,,,,,,,,,,,,,,,,,
5,ALBANIA,NO,2014,196.0,44.0,4577.0,5689.0,124.0,3.0,,3.0,38.0,6.0,25.0,4.0,55.0,0.0,7.0,3.0,35.0,1.0,41.0,1,93,10.0,25.0,10.0,18.0,57.0,21,274,9,88,135,2,991428571,192,68,7,59.0,,,
6,ALBANIA,NO,2015,206.0,79.0,5484.0,5981.0,109.0,6.0,,1.0,86.0,4.0,78.0,5.0,84.0,0.0,27.0,5.0,16.0,2.0,46.0,2,7,8.0,11.0,7.0,98.0,47.0,95,242,98,76,755,3,295714286,202,61,8,46.0,13.0,,
7,ALBANIA,NO,2016,208.0,97.0,5455.0,6031.0,110.0,56.0,,2.0,46.0,4.0,57.0,4.0,8.0,0.0,13.0,4.0,17.0,1.0,53.0,2,64,5.0,53.0,5.0,23.0,42.0,13,196,17,62,265,2,797142857,205,58,6,88.0,13.0,91.0,
8,ALBANIA,NO,2017,197.0,25.0,5455.0,5674.0,104.0,1.0,,1.0,81.0,4.0,48.0,4.0,35.0,0.0,7.0,3.0,93.0,1.0,49.0,2,43,6.0,36.0,,39.0,8.0,177,15,74,43666667,2,651428571,383,96,6,54,9.0,6.0,,
9,ALBANIA,NO,2018,185.0,21.0,6236.0,5316.0,85.0,25.0,,1.0,78.0,3.0,97.0,4.0,7.0,0.0,17.0,3.0,8.0,1.0,46.0,2,33,4.0,63.0,,42.0,43.0,188,62,78,56,2,601428571,361,95,7,61,6.0,14.0,,
10,ALEMANIA,SÍ,2009,88.0,16.0,,72295.0,,,0.0,88.0,2.0,1.0,182.0,7.0,6.0,25.0,59.0,86.0,8.0,92.0,50.0,94,60,14.0,471.0,51.0,138.0,78.0,1595,91,566,585,44,41857143,170,31,9,22,,,,
11,ALEMANIA,SÍ,2010,86.0,58.0,,70827.0,,15.0,6.0,0.0,85.0,1.0,98.0,174.0,69.0,5.0,99.0,44.0,7.0,9.0,44.0,35,26,58.0,88.0,485.0,73.0,148.0,34,1491,38,546,825,38,98714286,167,2,9,22.0,,,
12,ALEMANIA,SÍ,2011,86.0,69.0,,69543.0,,15.0,8.0,0.0,86.0,1.0,94.0,173.0,38.0,6.0,14.0,45.0,32.0,9.0,4.0,35,92,59.0,86.0,525.0,1.0,165.0,28,1590,67,585,2275,38,99428571,167,71,9,56.0,,,
13,ALEMANIA,SÍ,2012,85.0,32.0,,68533.0,,16.0,1.0,0.0,77.0,1.0,98.0,169.0,4.0,6.0,45.0,45.0,16.0,10.0,35.0,16,60,64.0,535.0,57.0,179.0,41.0,1578,588,405,38,41714286,164,64,9,59,,,,,
14,ALEMANIA,SÍ,2013,82.0,24.0,,66221.0,,16.0,1.0,0.0,77.0,1.0,98.0,158.0,8.0,6.0,12.0,43.0,88.0,9.0,2.0,34,68,58.0,66.0,543.0,34.0,185.0,66,1600,86,597,13,36,49,158,51,9,23.0,,,
15,ALEMANIA,SÍ,2014,78.0,28.0,75793.0,63228.0,83.0,42.0,16.0,7.0,0.0,8.0,2.0,1.0,155.0,7.0,6.0,18.0,43.0,28.0,9.0,9,34,19.0,56.0,3.0,552.0,29.0,188,35,1636,98,608,48,35,89285714,150,64,8.0,83.0,,
16,ALEMANIA,SÍ,2015,77.0,61.0,73916.0,63020.0,85.0,26.0,16.0,7.0,0.0,81.0,1.0,91.0,156.0,9.0,5.0,87.0,42.0,2.0,8.0,65,33,55.0,55.0,1.0,571.0,36.0,205,84,1661,33,623,385,35,69857143,149,14,8.0,73.0,,
17,ALEMANIA,SÍ,2016,78.0,24.0,73627.0,64291.0,87.0,32.0,16.0,5.0,0.0,91.0,2.0,14.0,170.0,41.0,5.0,79.0,45.0,23.0,9.0,64,35,59.0,52.0,34.0,526.0,59.0,184,8,1570,39,583,35,38,53,:,:,,,,
18,ALEMANIA,SÍ,2017,79.0,79.0,73603.0,65841.0,89.0,45.0,16.0,1.0,0.0,89.0,2.0,9.0,166.0,9.0,5.0,6.0,42.0,19.0,10.0,7,32,12.0,47.0,8.0,442.0,53.0,141,22,1401,36,508,475,37,714286,:,:,,,,
19,ALEMANIA,SÍ,2018,79.0,43.0,74386.0,65762.0,88.0,41.0,16.0,0.0,76.0,2.0,33.0,165.0,14.0,5.0,51.0,49.0,2.0,10.0,91.0,38,11,44.0,4.0,394.0,25.0,117.0,77,1307,46,465,97,38,82571429,:,:,,,,,
20,AUSTRIA,SÍ,2009,104.0,48.0,8678.0,8708.0,100.0,35.0,,0.0,61.0,1.0,22.0,48.0,27.0,0.0,6.0,46.0,2.0,9.0,35.0,36,68,54.0,91.0,1288.0,63.0,236.0,57,2047,79,906,975,20,31571429,183,71,10,75.0,11.0,9.0,
21,AUSTRIA,SÍ,2010,102.0,26.0,8565.0,8540.0,99.0,71.0,14.0,7.0,0.0,73.0,1.0,34.0,43.0,18.0,0.0,11.0,41.0,86.0,14.0,62,27,24.0,51.0,61.0,1059.0,77.0,175,37,1804,77,772,88,18,44,193,45,12.0,4.0,8.0,41.0
22,AUSTRIA,SÍ,2011,104.0,71.0,8773.0,8770.0,99.0,97.0,14.0,5.0,0.0,96.0,1.0,25.0,46.0,53.0,0.0,6.0,47.0,25.0,15.0,69,31,56.0,48.0,55.0,1006.0,27.0,186,46,1723,26,741,135,20,47142857,197,6,13.0,13.0,10.0,25.0
23,AUSTRIA,SÍ,2012,104.0,72.0,8651.0,8805.0,101.0,78.0,14.0,4.0,1.0,5.0,1.0,3.0,47.0,93.0,0.0,13.0,48.0,5.0,14.0,94,33,11.0,48.0,67.0,1013.0,76.0,184,1,1742,6,747,2825,20,93,197,97,13.0,18.0,9.0,58.0
24,AUSTRIA,SÍ,2013,104.0,85.0,8636.0,8862.0,102.0,62.0,14.0,4.0,0.0,75.0,1.0,24.0,39.0,36.0,0.0,5.0,44.0,72.0,15.0,32,25,47.0,44.0,22.0,1049.0,51.0,195,79,1822,11,777,9075,18,13,201,72,12.0,57.0,8.0,22.0
25,AUSTRIA,SÍ,2014,102.0,18.0,8666.0,8692.0,100.0,3.0,14.0,1.0,0.0,51.0,0.0,82.0,37.0,97.0,0.0,1.0,41.0,9.0,13.0,68,24,91.0,40.0,92.0,1004.0,91.0,201,13,1742,86,747,455,17,11428571,196,96,11.0,65.0,6.0,87.0
26,AUSTRIA,SÍ,2015,101.0,3.0,4191.0,8665.0,206.0,75.0,13.0,9.0,0.0,49.0,1.0,12.0,40.0,31.0,0.0,3.0,40.0,57.0,13.0,18,23,43.0,39.0,79.0,922.0,92.0,180,92,1635,37,694,75,17,1857143,192,6,11.0,37.0,5.0,36.0
27,AUSTRIA,SÍ,2016,99.0,18.0,4182.0,8619.0,206.0,1.0,14.0,1.0,0.0,56.0,1.0,14.0,43.0,6.0,0.0,2.0,50.0,53.0,14.0,17,32,46.0,35.0,66.0,926.0,38.0,149,31,1651,67,690,755,20,35428571,190,53,11.0,12.0,7.0,26.0
28,AUSTRIA,SÍ,2017,100.0,9.0,8884.0,8852.0,99.0,64.0,14.0,4.0,0.0,7.0,1.0,72.0,41.0,32.0,0.0,3.0,48.0,48.0,13.0,28,31,28.0,29.0,75.0,789.0,47.0,134,53,1429,13,595,72,19,54428571,193,25,11.0,61.0,7.0,68.0
29,AUSTRIA,SÍ,2018,103.0,86.0,,9163.0,,14.0,3.0,0.0,83.0,1.0,48.0,42.0,6.0,0.0,6.0,50.0,16.0,14.0,93.0,31,43,27.0,16.0,664.0,65.0,110.0,9,1276,46,519,7925,20,13571429,198,22,12,56.0,9.0,31.0,
30,BÉLGICA,SÍ,2009,94.0,17.0,8546.0,10126.0,118.0,49.0,,1.0,76.0,6.0,94.0,722.0,26.0,10.0,4.0,98.0,66.0,29.0,31.0,69,35,219.0,3.0,903.0,19.0,645.0,92,2321,45,1022,465,134,457143,184,68,7,11.0,2.0,72.0,
31,BÉLGICA,SÍ,2010,97.0,1.0,9129.0,10526.0,115.0,3.0,14.0,6.0,1.0,74.0,7.0,3.0,717.0,33.0,10.0,35.0,100.0,77.0,30.0,52,70,25.0,220.0,8.0,843.0,13.0,586,7,2106,61,939,13,133,9985714,190,24,7.0,56.0,,
32,BÉLGICA,SÍ,2011,100.0,36.0,9212.0,11040.0,119.0,84.0,15.0,3.0,1.0,95.0,7.0,8.0,716.0,12.0,10.0,85.0,102.0,72.0,30.0,88,71,84.0,248.0,54.0,887.0,4.0,636,66,2203,5,994,25,134,5942857,196,18,7.0,88.0,4.0,6.0
33,BÉLGICA,SÍ,2012,100.0,79.0,9401.0,11183.0,118.0,96.0,15.0,3.0,1.0,86.0,7.0,55.0,651.0,76.0,10.0,68.0,96.0,77.0,30.0,69,66,8.0,230.0,81.0,923.0,41.0,681,76,2144,43,995,1025,123,6271429,197,7,81.0,4.0,54.0,
34,BÉLGICA,SÍ,2013,105.0,88.0,9715.0,11818.0,121.0,65.0,15.0,1.0,1.0,83.0,7.0,26.0,624.0,87.0,10.0,42.0,102.0,13.0,29.0,97,34,16.0,204.0,98.0,895.0,33.0,676,25,2007,85,946,1025,115,8057143,206,96,8.0,11.0,4.0,55.0
35,BÉLGICA,SÍ,2014,,,,,15.0,5.0,1.0,88.0,7.0,59.0,629.0,75.0,10.0,29.0,61.0,69.0,28.0,51.0,33.0,17,196,12.0,862.0,36.0,650.0,1864.0,29,893,1925,110,4114286,:,:,3,96,,,,,
36,BÉLGICA,SÍ,2015,97.0,84.0,9952.0,10994.0,110.0,47.0,14.0,9.0,2.0,6.0,7.0,83.0,555.0,13.0,10.0,42.0,61.0,3.0,28.0,75,32,54.0,180.0,45.0,816.0,58.0,584,8,2196,73,944,64,99,71857143,187,45,9.0,26.0,,
37,BÉLGICA,SÍ,2016,,,,,15.0,5.0,1.0,54.0,7.0,79.0,556.0,48.0,10.0,62.0,68.0,59.0,30.0,9.0,38.0,5,165,1.0,697.0,93.0,489.0,44.0,2054,5,851,7425,101,9442857,:,:,0,61,,,,
38,BÉLGICA,SÍ,2017,,,,,15.0,9.0,1.0,73.0,8.0,52.0,550.0,15.0,10.0,31.0,72.0,97.0,31.0,11.0,41.0,86,155,8.0,661.0,16.0,460.0,43.0,1965,23,810,475,102,3785714,:,:,,,,,,
39,BÉLGICA,SÍ,2018,,,,,16.0,4.0,1.0,55.0,8.0,9.0,553.0,95.0,,68.0,39.0,29.0,25.0,39.0,14.0,142,8,614.0,52.0,442.0,91.0,1914.0,65,778,72,116,8633333,:,:,,,,,,,
40,BOSNIA ,NO,2009,,,,,,1.0,74.0,,,0.0,16.0,,0.0,75.0,,,328.0,23.0,95.0,55,175,34.0,199.0,7066667.0,0.0,883333333.0,:,:,,,,,,,,,,,,
41,BOSNIA ,NO,2010,71.0,36.0,3080.0,2743.0,89.0,6.0,,1.0,4.0,1.0,74.0,13.0,14.0,0.0,3.0,,1.0,2.0,,,90,37.0,,295.0,57.0,192.0,97,3,502,115,7,3,5,,,,,,,
42,BOSNIA ,NO,2011,71.0,74.0,3199.0,2757.0,86.0,18.0,,1.0,27.0,1.0,3.0,16.0,97.0,0.0,3.0,,0.0,91.0,,25,37,380.0,39.0,,175.0,3.0,193,6866667,4,96,116,81,1,93,,,,,,
43,BOSNIA ,NO,2012,,,,,,1.0,56.0,1.0,22.0,16.0,1.0,0.0,5.0,,1.0,7.0,,26.0,31.0,340,69,,173.0,86.0,180.0,2866667.0,4,:,:,,,,,,,,,,,
44,BOSNIA ,NO,2013,,3297.0,2898.0,87.0,9.0,,,,,,,,,,,,,,,:,:,,,,,,,,,,,,,,,,,,,
45,BOSNIA ,NO,2014,,3358.0,2825.0,84.0,13.0,,,,,,,,,,,,,,,:,:,,,,,,,,,,,,,,,,,,,
46,BOSNIA ,NO,2015,,3510.0,2730.0,77.0,78.0,,,,,,,,,,,,,,,:,:,,,,,,,,,,,,,,,,,,,
47,BOSNIA ,NO,2016,,3407.0,2832.0,83.0,12.0,,,,,,,,,,,,,,,:,:,,,,,,,,,,,,,,,,,,,
48,BOSNIA ,NO,2017,,3587.0,2820.0,78.0,62.0,,,,,,,,,,,,,,,:,:,,,,,,,,,,,,,,,,,,,
49,BOSNIA ,NO,2018,,3480.0,4377.0,125.0,78.0,,,,,,,,,,,,,,,:,:,,,,,,,,,,,,,,,,,,,
50,BULGARIA,SÍ,2009,120.0,61.0,9006.0,9006.0,100.0,,2.0,1.0,0.0,88.0,41.0,81.0,1.0,9.0,9.0,72.0,3.0,29.0,6.0,43,48,16.0,317.0,15.0,106.0,64.0,592,97,266,23,9,434285714,241,1,6,26,4.0,74.0,,
51,BULGARIA,SÍ,2010,126.0,37.0,9379.0,9379.0,100.0,20.0,7.0,1.0,99.0,0.0,84.0,40.0,93.0,1.0,59.0,9.0,38.0,2.0,84.0,6,53,50.0,35.0,323.0,44.0,112.0,35,680,15,291,5725,9,157142857,251,47,7,64.0,2.0,26.0,
52,BULGARIA,SÍ,2011,134.0,14.0,9885.0,9885.0,100.0,22.0,2.0,1.0,74.0,0.0,83.0,33.0,41.0,1.0,4.0,8.0,81.0,2.0,13.0,6,68,42.0,2.0,275.0,8.0,88.0,99,642,15,262,105,7,805714286,267,38,7,64.0,6.0,6.0,
53,BULGARIA,SÍ,2012,129.0,56.0,9493.0,9493.0,100.0,21.0,2.0,1.0,92.0,0.0,61.0,32.0,89.0,1.0,2.0,9.0,36.0,2.0,55.0,6,81,40.0,33.0,229.0,2.0,88.0,11,606,81,241,675,7,88,257,54,8,16.0,7.0,49.0,
54,BULGARIA,SÍ,2013,121.0,27.0,8834.0,8834.0,100.0,21.0,1.0,5.0,0.0,92.0,33.0,91.0,1.0,19.0,8.0,68.0,2.0,25.0,6.0,42,40,87.0,235.0,61.0,87.0,8.0,621,26,246,385,7,838571429,241,74,7,6,6.0,35.0,,
55,BULGARIA,SÍ,2014,108.0,62.0,7870.0,7870.0,100.0,21.0,8.0,1.0,55.0,0.0,63.0,34.0,96.0,1.0,31.0,8.0,42.0,2.0,4.0,6,38,32.0,1.0,211.0,53.0,73.0,77,569,25,221,6625,7,898571429,215,92,6,96.0,6.0,62.0,
56,BULGARIA,SÍ,2015,102.0,86.0,7408.0,7408.0,100.0,22.0,1.0,75.0,0.0,46.0,34.0,99.0,1.0,3.0,8.0,37.0,1.0,65.0,6.0,72,27,2.0,167.0,1.0,61.0,55.0,531,99,196,915,7,852857143,204,51,6,65,5.0,34.0,,
57,BULGARIA,SÍ,2016,102.0,67.0,8491.0,7345.0,86.0,5.0,22.0,9.0,1.0,1.0,1.0,6.0,34.0,53.0,0.0,98.0,7.0,74.0,1.0,78,,23.0,29.0,142.0,4.0,,457,48,207,6033333,7,865,204,68,6,2,3.0,89.0,,
58,BULGARIA,SÍ,2017,98.0,4.0,8491.0,6988.0,82.0,3.0,23.0,4.0,1.0,34.0,0.0,44.0,39.0,58.0,1.0,44.0,9.0,19.0,2.0,,21,94.0,124.0,57.0,,576.0,57,241,266667,8,998333333,196,2,6,2,27,,,,
59,BULGARIA,SÍ,2018,94.0,34.0,8241.0,6651.0,80.0,71.0,22.0,1.0,3.0,0.0,65.0,35.0,72.0,0.0,89.0,8.0,16.0,1.0,6.0,,17,94.0,108.0,71.0,,523.0,71,216,7866667,8,53333333,188,5,5,93,2,51.0,,,
60,CHIPRE,SÍ,2009,72.0,53.0,360.0,578.0,160.0,56.0,,2.0,38.0,2.0,38.0,27.0,48.0,3.0,26.0,9.0,79.0,3.0,39.0,6,4,17.0,82.0,314.0,21.0,,365,4,232,4766667,7,868571429,133,1,7,62,15.0,74.0,,
61,CHIPRE,SÍ,2010,77.0,64.0,351.0,636.0,181.0,2.0,15.0,6.0,0.0,85.0,1.0,34.0,21.0,12.0,3.0,3.0,9.0,64.0,4.0,39,5,25.0,19.0,4.0,394.0,56.0,,203,87,205,8233333,6,555714286,144,39,10,73.0,9.0,49.0,
62,CHIPRE,SÍ,2011,74.0,7.0,370.0,622.0,168.0,11.0,14.0,8.0,0.0,95.0,1.0,55.0,19.0,53.0,1.0,43.0,5.0,6.0,5.0,36,0,24.0,16.0,31.0,407.0,5.0,233,52,202,8,214,8525,4,951428571,139,69,8.0,12.0,7.0,85.0
63,CHIPRE,SÍ,2012,78.0,65.0,370.0,678.0,183.0,24.0,14.0,7.0,2.0,2.0,1.0,39.0,17.0,17.0,0.0,58.0,3.0,83.0,3.0,6,0,23.0,20.0,7.0,348.0,2.0,233,18,181,78,195,7625,4,142857143,145,35,9.0,71.0,9.0,
64,CHIPRE,SÍ,2013,63.0,87.0,370.0,553.0,149.0,46.0,15.0,3.0,1.0,27.0,0.0,92.0,15.0,24.0,0.0,46.0,2.0,77.0,2.0,66,0,12.0,17.0,21.0,312.0,63.0,206,15,146,9,170,7225,3,348571429,124,22,6.0,74.0,14.0,66.0
65,CHIPRE,SÍ,2014,62.0,,532.0,,14.0,4.0,1.0,17.0,1.0,17.0,15.0,62.0,0.0,93.0,2.0,21.0,1.0,98.0,0.0,23,12,12.0,275.0,76.0,189.0,39.0,115,38,148,1625,3,33,120,23,6,81,21.0,14.0,,
66,CHIPRE,SÍ,2015,64.0,58.0,480.0,547.0,113.0,96.0,16.0,2.0,1.0,42.0,1.0,3.0,16.0,88.0,0.0,2.0,48.0,2.0,48.0,0,9,21.0,233.0,65.0,160.0,8.0,111,33,128,7475,3,508571429,125,5,7,35,13.0,46.0,,
67,CHIPRE,SÍ,2016,69.0,8.0,,586.0,,16.0,1.0,1.0,3.0,0.0,83.0,17.0,9.0,0.0,12.0,2.0,83.0,2.0,59.0,0,24,10.0,96.0,202.0,87.0,128.0,25,86,17,107,625,3,571428571,132,6,9,41.0,15.0,,
68,CHIPRE,SÍ,2017,69.0,26.0,528.0,592.0,112.0,12.0,15.0,7.0,0.0,82.0,1.0,17.0,16.0,85.0,1.0,5.0,2.0,34.0,2.0,22,0,12.0,12.0,5.0,171.0,97.0,107,98,112,19,101,475,3,51,133,92,7.0,76.0,8.0,88.0
69,CHIPRE,SÍ,2018,71.0,62.0,566.0,619.0,109.0,36.0,15.0,4.0,1.0,62.0,0.0,93.0,15.0,27.0,0.0,46.0,3.0,36.0,3.0,24,0,12.0,8.0,45.0,144.0,64.0,,82,85,78,64666667,3,571428571,138,31,8,13.0,12.0,5.0,
70,CROACIA,SÍ,2009,113.0,49.0,3501.0,4891.0,139.0,7.0,,1.0,14.0,,24.0,57.0,0.0,28.0,15.0,41.0,2.0,99.0,12.0,41,32,74.0,396.0,31.0,64.0,43.0,327,5,205,1325,9,466666667,:,9,76,7,89.0,,,
71,CROACIA,SÍ,2010,120.0,4.0,3501.0,5165.0,147.0,53.0,20.0,6.0,1.0,44.0,2.0,91.0,22.0,92.0,0.0,3.0,9.0,23.0,3.0,28,5,95.0,28.0,93.0,428.0,83.0,95,47,315,49,217,18,6,575714286,237,58,10.0,58.0,6.0,14.0
72,CROACIA,SÍ,2011,118.0,51.0,3921.0,5084.0,129.0,66.0,20.0,9.0,1.0,14.0,2.0,87.0,20.0,35.0,0.0,14.0,8.0,81.0,2.0,84,5,97.0,32.0,22.0,448.0,43.0,107,6,371,32,239,8925,6,17142857,232,7,11.0,26.0,4.0,84.0
73,CROACIA,SÍ,2012,110.0,88.0,3921.0,4741.0,120.0,91.0,20.0,4.0,1.0,19.0,2.0,36.0,21.0,12.0,0.0,14.0,8.0,2.0,2.0,95,5,7.0,37.0,14.0,449.0,46.0,132,46,403,37,255,6075,5,835714286,219,85,9.0,35.0,6.0,87.0
74,CROACIA,SÍ,2013,102.0,11.0,3921.0,4352.0,110.0,99.0,19.0,5.0,1.0,8.0,2.0,96.0,19.0,31.0,0.0,2.0,13.0,51.0,6.0,43,7,9.0,35.0,73.0,433.0,66.0,140,68,329,67,234,935,7,2,202,19,8.0,8.0,8.0,57.0
75,CROACIA,SÍ,2014,88.0,61.0,4022.0,3763.0,93.0,56.0,19.0,4.0,0.0,85.0,2.0,66.0,18.0,4.0,0.0,2.0,14.0,22.0,7.0,89,6,33.0,29.0,86.0,360.0,32.0,116,42,283,58,197,545,7,144285714,174,31,8.0,65.0,10.0,56.0
76,CROACIA,SÍ,2015,79.0,7.0,4022.0,3341.0,83.0,7.0,20.0,0.0,88.0,2.0,49.0,19.0,3.0,0.0,14.0,32.0,6.0,11.0,8.0,21,31,3.0,354.0,25.0,116.0,18.0,320,62,205,52,7,291428571,155,79,7,5,9.0,2.0,,
77,CROACIA,SÍ,2016,74.0,16.0,,3108.0,,19.0,5.0,1.0,5.0,2.0,22.0,18.0,85.0,0.0,2.0,16.0,13.0,7.0,59.0,8,54,25.0,49.0,295.0,97.0,105.0,21,303,98,182,6625,7,771428571,147,57,5,67.0,6.0,68.0,
78,CROACIA,SÍ,2017,76.0,79.0,,3190.0,,20.0,1.0,11.0,3.0,1.0,19.0,21.0,0.0,11.0,46.0,5.0,92.0,5.0,54.0,20,8,308.0,63.0,109.0,14.0,298.0,81,184,345,6,607142857,151,75,6,84,6,3.0,,,
79,CROACIA,SÍ,2018,78.0,36.0,3558.0,3217.0,90.0,42.0,19.0,3.0,0.0,58.0,2.0,19.0,17.0,85.0,0.0,13.0,18.0,7.0,23.0,5,94,18.0,97.0,265.0,64.0,93.0,97,279,65,164,5575,6,71,153,75,8,7.0,24.0,,
80,DINAMARCA,SÍ,2009,67.0,51.0,,3721.0,,,1.0,1.0,3.0,77.0,29.0,8.0,,30.0,32.0,15.0,93.0,14.0,39.0,72,65,1940.0,9.0,1213.0,49.0,5452.0,55,2169,8975,15,75,128,95,6,4,1,64.0,,,
81,DINAMARCA,SÍ,2010,71.0,26.0,,3944.0,,13.0,3.0,0.0,89.0,2.0,75.0,31.0,67.0,,36.0,32.0,17.0,24.0,19.0,8,60,92.0,1746.0,84.0,1128.0,33.0,5282,9,2054,545,17,99166667,136,44,6,56,1.0,3.0,,
82,DINAMARCA,SÍ,2011,70.0,98.0,,3947.0,,12.0,1.0,0.0,88.0,2.0,66.0,30.0,5.0,,33.0,56.0,15.0,34.0,18.0,22,58,28.0,1649.0,67.0,1139.0,98.0,5240,18,2022,275,16,86,136,91,5,85,1.0,4.0,,
83,DINAMARCA,SÍ,2012,68.0,61.0,,3829.0,,12.0,0.0,77.0,2.0,54.0,29.0,69.0,,34.0,12.0,15.0,57.0,18.0,55.0,53,81,1450.0,22.0,1038.0,2.0,5044.0,6,1896,6625,16,87333333,132,75,5,3,0,74.0,,,
84,DINAMARCA,SÍ,2013,73.0,2.0,,4091.0,,11.0,9.0,0.0,73.0,2.0,95.0,26.0,83.0,,32.0,9.0,14.0,98.0,17.0,92,57,12.0,1409.0,25.0,1008.0,92.0,4802,85,1819,535,16,5166667,140,42,6,69,0.0,58.0,,
85,DINAMARCA,SÍ,2014,63.0,67.0,4153.0,3583.0,86.0,27.0,12.0,1.0,1.0,1.0,2.0,63.0,27.0,24.0,,42.0,8.0,14.0,87.0,27,21,41.0,26.0,1237.0,5.0,900.0,2,4456,42,1658,8,19,18833333,123,13,5,11.0,1.0,1.0,
86,DINAMARCA,SÍ,2015,56.0,59.0,3761.0,3203.0,85.0,16.0,12.0,2.0,0.0,92.0,2.0,49.0,25.0,8.0,,46.0,13.0,18.0,57.0,27,56,35.0,94.0,1119.0,19.0,807.0,92,3990,8,1488,4625,20,245,109,75,4,14.0,0.0,76.0,
87,DINAMARCA,SÍ,2016,59.0,71.0,3522.0,3408.0,96.0,76.0,11.0,9.0,0.0,93.0,3.0,4.0,30.0,36.0,,66.0,46.0,29.0,42.0,37,4,38.0,28.0,1053.0,68.0,777.0,59,3951,31,1455,215,27,935,114,8,5,23.0,0.0,51.0,
88,DINAMARCA,SÍ,2017,59.0,46.0,3592.0,3418.0,95.0,16.0,12.0,4.0,1.0,6.0,3.0,69.0,33.0,12.0,,83.0,41.0,31.0,36.0,52,5,35.0,52.0,955.0,37.0,702.0,6,3721,21,1353,675,34,115,114,75,4,71.0,1.0,37.0,
89,DINAMARCA,SÍ,2018,62.0,88.0,3795.0,3635.0,95.0,78.0,12.0,7.0,0.0,93.0,3.0,62.0,32.0,12.0,,95.0,83.0,38.0,35.0,57,48,31.0,46.0,949.0,8.0,688.0,8,3162,31,1207,9125,38,55,121,78,4,54.0,0.0,77.0,
90,ESCOCIA,SÍ,2009,152.0,66.0,,7964.0,,,1.0,61.0,11.0,77.0,107.0,75.0,5.0,16.0,92.0,97.0,16.0,94.0,76.0,2,47,84.0,455.0,71.0,320.0,63.0,2221,44,761,405,44,60285714,260,1,14,11,97.0,2.0,,
91,ESCOCIA,SÍ,2010,149.0,68.0,,7853.0,,,1.0,91.0,9.0,87.0,104.0,7.0,4.0,96.0,99.0,72.0,19.0,80.0,72.0,48,74,476.0,83.0,336.0,54.0,2056.0,47,729,645,45,84,259,94,14,22,,,,,
92,ESCOCIA,SÍ,2011,154.0,87.0,,8178.0,,,1.0,76.0,10.0,26.0,88.0,87.0,4.0,15.0,118.0,2.0,22.0,4.0,95.0,61,42,5.0,458.0,7.0,329.0,4.0,2063,33,723,3925,48,72428571,272,52,15,58,82.0,55.0,,
93,ESCOCIA,SÍ,2012,151.0,84.0,,8057.0,,,1.0,19.0,7.0,59.0,68.0,65.0,4.0,28.0,126.0,91.0,25.0,86.0,101.0,5,34,53.0,405.0,46.0,295.0,5.0,1781,88,629,23,47,93285714,269,7,15,55,74.0,73.0,,
94,ESCOCIA,SÍ,2013,148.0,38.0,,7894.0,,,1.0,15.0,5.0,96.0,55.0,47.0,4.0,76.0,152.0,52.0,31.0,77.0,66.0,22,28,18.0,418.0,64.0,307.0,2.0,1914,81,667,1625,45,40714286,288,99,15,78,66.0,34.0,,
95,ESCOCIA,SÍ,2014,144.0,84.0,,7731.0,,,1.0,16.0,4.0,93.0,54.0,39.0,4.0,38.0,160.0,26.0,33.0,67.0,71.0,78,28,5.0,386.0,8.0,284.0,14.0,1780,27,619,635,47,22428571,281,92,15,48,54.0,61.0,,
96,ESCOCIA,SÍ,2015,144.0,57.0,,7744.0,,,1.0,1.0,5.0,47.0,69.0,34.0,4.0,26.0,173.0,76.0,31.0,59.0,76.0,17,24,76.0,329.0,26.0,243.0,65.0,1619,49,554,29,51,67,281,97,14,81,51.0,46.0,,
97,ESCOCIA,SÍ,2016,140.0,64.0,,7579.0,,,1.0,15.0,4.0,39.0,73.0,47.0,4.0,28.0,186.0,92.0,32.0,64.0,81.0,91,26,63.0,303.0,15.0,223.0,86.0,1578,45,533,225,54,96571429,:,:,44,8,,,,
98,ESCOCIA,SÍ,2017,137.0,34.0,,7436.0,,,1.0,9.0,4.0,52.0,72.0,84.0,4.0,3.0,214.0,75.0,39.0,45.0,91.0,33,28,74.0,279.0,42.0,201.0,17.0,1598,29,526,905,61,18285714,:,:,41,88,,,,
99,ESCOCIA,SÍ,2018,,,,,,1.0,1.0,5.0,7.0,74.0,47.0,4.0,93.0,233.0,68.0,42.0,17.0,96.0,67.0,33,24,253.0,4.0,176.0,7.0,1592.0,24,513,7375,65,53142857,:,:,33,85,,,,,
100,ESLOVAQUIA,SÍ,2009,173.0,8.0,10876.0,9316.0,85.0,66.0,,1.0,56.0,0.0,48.0,64.0,0.0,11.0,,2.0,64.0,,25.0,23,286,1.0,43.0,29.0,586.0,15.0,235,17,10,59,331,16,17,66,14,78,,,,
101,ESLOVAQUIA,SÍ,2010,186.0,9.0,11085.0,10031.0,90.0,49.0,12.0,1.0,65.0,0.0,45.0,1.0,0.0,7.0,,2.0,17.0,,22.0,4,274,25.0,64.0,84.0,775.0,71.0,284,21,9,78,356,1,19,91,8,24,,,,
102,ESLOVAQUIA,SÍ,2011,195.0,18.0,11201.0,10525.0,93.0,96.0,13.0,1.0,78.0,0.0,41.0,3.0,0.0,7.0,,2.0,78.0,,15.0,78,238,93.0,56.0,8.0,697.0,51.0,252,75,9,186,372,36,22,33,13,38,,,,
103,ESLOVAQUIA,SÍ,2012,200.0,77.0,11304.0,10850.0,95.0,98.0,13.0,2.0,1.0,39.0,0.0,40.0,39.0,0.0,13.0,,1.0,63.0,,18,2,219.0,36.0,58.0,53.0,642.0,63,234,635,8,708,382,52,23,3,12,81.0,,,
104,ESLOVAQUIA,SÍ,2013,180.0,25.0,11812.0,9753.0,82.0,57.0,12.0,8.0,1.0,44.0,1.0,44.0,37.0,28.0,1.0,44.0,11.0,92.0,1.0,68,1,26.0,15.0,43.0,206.0,38.0,59,62,382,71,166,35,8,65714286,347,65,21.0,23.0,13.0,45.0
105,ESLOVAQUIA,SÍ,2014,185.0,1.0,11828.0,10020.0,84.0,71.0,12.0,6.0,1.0,33.0,1.0,33.0,36.0,71.0,1.0,53.0,12.0,61.0,1.0,59,1,12.0,56.0,174.0,6.0,50.0,342,84,144,865,8,14285714,356,41,22,11,9.0,81.0,,
106,ESLOVAQUIA,SÍ,2015,182.0,85.0,11184.0,9913.0,88.0,64.0,12.0,3.0,0.0,89.0,0.0,89.0,34.0,35.0,1.0,57.0,11.0,9.0,1.0,6,1,38.0,9.0,94.0,126.0,57.0,35,49,444,37,154,925,7,511428571,351,28,22.0,71.0,9.0,25.0
107,ESLOVAQUIA,SÍ,2016,184.0,2.0,11033.0,9995.0,90.0,59.0,12.0,7.0,1.0,11.0,,30.0,8.0,1.0,88.0,12.0,9.0,1.0,51.0,1,9,9.0,69.0,115.0,37.0,32.0,51,292,47,112,51,7,96,352,29,24,21.0,8.0,89.0,
108,ESLOVAQUIA,SÍ,2017,184.0,5.0,10941.0,10028.0,91.0,66.0,12.0,4.0,1.0,47.0,1.0,47.0,30.0,21.0,1.0,67.0,12.0,97.0,1.0,77,1,6.0,8.0,63.0,105.0,24.0,30,26,287,21,107,835,7,308571429,351,17,25.0,72.0,7.0,6.0
109,ESLOVAQUIA,SÍ,2018,189.0,12.0,11499.0,10294.0,89.0,52.0,12.0,2.0,1.0,23.0,,29.0,34.0,1.0,69.0,12.0,25.0,1.0,82.0,1,4,8.0,73.0,83.0,21.0,24.0,32,332,13,112,975,7,955,358,44,27,7.0,7.0,18.0,
110,ESLOVENIA,SÍ,2009,67.0,16.0,1098.0,1365.0,124.0,32.0,,0.0,64.0,1.0,87.0,107.0,11.0,0.0,1.0,22.0,44.0,3.0,89.0,18,55,23.0,67.0,763.0,15.0,109.0,77,1405,56,575,5375,22,8571429,129,19,6,22.0,1.0,15.0,
111,ESLOVENIA,SÍ,2010,66.0,1115.0,1351.0,121.0,17.0,12.0,7.0,0.0,54.0,1.0,51.0,106.0,59.0,0.0,2.0,22.0,77.0,3.0,8.0,19,69,22.0,62.0,656.0,9.0,125.0,21,1412,38,554,75,22,5428571,127,3,5,13.0,7.0,37.0,
112,ESLOVENIA,SÍ,2011,62.0,9.0,1309.0,1273.0,97.0,25.0,13.0,6.0,0.0,83.0,1.0,66.0,96.0,28.0,0.0,1.0,22.0,97.0,2.0,68,20,29.0,19.0,66.0,668.0,4.0,121,26,1496,3,576,315,20,68714286,118,97,5.0,5.0,2.0,1.0
113,ESLOVENIA,SÍ,2012,66.0,99.0,1309.0,1377.0,105.0,19.0,13.0,5.0,0.0,68.0,1.0,46.0,98.0,85.0,0.0,19.0,17.0,85.0,2.0,82,15,3.0,19.0,2.0,686.0,26.0,132,18,1649,48,621,735,19,55428571,128,45,6.0,74.0,2.0,57.0
114,ESLOVENIA,SÍ,2013,66.0,6.0,1293.0,1360.0,105.0,18.0,14.0,5.0,0.0,58.0,1.0,36.0,89.0,81.0,0.0,19.0,18.0,36.0,2.0,57,2,38.0,18.0,31.0,746.0,54.0,185,3,1697,18,661,8325,16,46428571,127,18,6.0,16.0,0.0,28.0
115,ESLOVENIA,SÍ,2014,73.0,84.0,1293.0,1522.0,117.0,71.0,14.0,5.0,0.0,82.0,0.0,78.0,80.0,39.0,0.0,24.0,14.0,36.0,2.0,13,2,33.0,14.0,41.0,659.0,99.0,178,6,1460,54,578,25,14,43571429,140,37,8.0,56.0,3.0,9.0
116,ESLOVENIA,SÍ,2015,67.0,82.0,1322.0,1399.0,105.0,82.0,14.0,3.0,0.0,97.0,1.0,26.0,74.0,65.0,0.0,15.0,12.0,51.0,2.0,4,1,45.0,11.0,25.0,496.0,93.0,151,1,1105,16,441,11,13,29,128,93,7.0,78.0,1.0,4.0
117,ESLOVENIA,SÍ,2016,63.0,37.0,1322.0,1308.0,98.0,94.0,13.0,9.0,0.0,48.0,1.0,26.0,72.0,23.0,0.0,15.0,17.0,25.0,1.0,6,2,8.0,10.0,95.0,518.0,7.0,154,25,1036,44,430,85,13,57857143,117,65,9.0,99.0,0.0,83.0
118,ESLOVENIA,SÍ,2017,,1339.0,,0.0,13.0,3.0,0.0,92.0,1.0,98.0,67.0,67.0,0.0,5.0,20.0,67.0,2.0,3.0,2.0,8,11,52.0,423.0,64.0,140.0,62.0,994,19,392,4925,13,62857143,:,:,2,48,,,,
119,ESLOVENIA,SÍ,2018,67.0,54.0,1339.0,1396.0,104.0,26.0,13.0,3.0,0.0,48.0,2.0,23.0,74.0,7.0,0.0,29.0,17.0,8.0,2.0,3,1,6.0,12.0,77.0,405.0,83.0,126,47,948,92,373,4975,14,5857143,128,52,7.0,31.0,,
120,ESPAÑA,SÍ,2009,164.0,53.0,,76079.0,,,0.0,89.0,1.0,8.0,174.0,98.0,0.0,37.0,21.0,3.0,4.0,44.0,16.0,59,140,92.0,414.0,91.0,211.0,62.0,470,7,309,5375,31,44285714,305,95,26,1,,,,
121,ESPAÑA,SÍ,2010,159.0,3.0,,73929.0,,20.0,7.0,0.0,86.0,1.0,65.0,53.0,94.0,0.0,27.0,21.0,41.0,3.0,39.0,18,2,181.0,58.0,431.0,7.0,237.0,12,311,1,290,2175,14,22,286,96,24,5.0,8.0,38.0,
122,ESPAÑA,SÍ,2011,151.0,1.0,,70472.0,,20.0,6.0,0.0,82.0,1.0,75.0,39.0,19.0,0.0,24.0,21.0,2.0,3.0,24.0,17,95,187.0,97.0,362.0,96.0,215.0,95,332,4,274,82,12,5571429,273,79,21,84.0,17.0,97.0,
123,ESPAÑA,SÍ,2012,146.0,52.0,,68597.0,,20.0,8.0,0.0,78.0,1.0,63.0,37.0,6.0,0.0,25.0,19.0,24.0,2.0,73.0,16,51,206.0,34.0,347.0,45.0,270.0,3,353,6,294,22,11,17142857,263,33,21,37.0,15.0,92.0,
124,ESPAÑA,SÍ,2013,142.0,88.0,,66765.0,,20.0,4.0,0.0,65.0,1.0,42.0,35.0,74.0,0.0,26.0,19.0,1.0,2.0,78.0,16,32,184.0,12.0,358.0,7.0,272.0,74,349,82,291,1875,10,89571429,262,42,21,5.0,13.0,78.0,
125,ESPAÑA,SÍ,2014,139.0,78.0,,65017.0,,22.0,2.0,0.0,69.0,1.0,56.0,36.0,7.0,0.0,21.0,20.0,36.0,2.0,66.0,17,69,152.0,34.0,477.0,38.0,261.0,82,333,79,306,3325,11,32,257,1,20,78.0,11.0,43.0,
126,ESPAÑA,SÍ,2015,132.0,65.0,,61614.0,,22.0,1.0,0.0,65.0,1.0,54.0,62.0,55.0,0.0,2.0,16.0,14.0,2.0,65.0,13,49,139.0,3.0,349.0,79.0,248.0,23,442,96,295,25,13,88857143,244,18,19,72.0,8.0,82.0,
127,ESPAÑA,SÍ,2016,128.0,31.0,64144.0,59589.0,92.0,9.0,22.0,3.0,0.0,63.0,1.0,75.0,37.0,32.0,0.0,2.0,18.0,79.0,2.0,69,16,1.0,135.0,56.0,346.0,37.0,243,97,351,16,269,265,11,6857143,236,64,18.0,58.0,8.0,1.0
128,ESPAÑA,SÍ,2017,126.0,41.0,64109.0,58814.0,91.0,74.0,21.0,6.0,0.0,66.0,1.0,76.0,38.0,87.0,0.0,15.0,20.0,34.0,2.0,98,17,36.0,132.0,74.0,321.0,64.0,225,87,349,9,257,335,11,73142857,232,91,18.0,17.0,7.0,79.0
129,ESPAÑA,SÍ,2018,126.0,2.0,64323.0,58883.0,91.0,54.0,21.0,5.0,0.0,62.0,1.0,78.0,39.0,2.0,0.0,17.0,24.0,89.0,3.0,64,21,24.0,129.0,23.0,323.0,34.0,229,73,360,5,260,7,13,7714286,232,48,18.0,32.0,7.0,36.0
130,ESTONIA,SÍ,2009,266.0,14.0,3621.0,3555.0,98.0,18.0,,5.0,24.0,1.0,87.0,7.0,94.0,0.0,19.0,2.0,9.0,28.0,9.0,73,54,35.0,,226.0,62.0,1859.0,27,713,4133333,7,582857143,542,55,20,86,14,44.0,,,
131,ESTONIA,SÍ,2010,254.0,48.0,3637.0,3393.0,93.0,29.0,15.0,8.0,5.0,25.0,1.0,5.0,7.0,73.0,0.0,13.0,35.0,6.0,8.0,7,28,44.0,93.0,,239.0,71.0,1894,4,726,2266667,5,82,508,54,27,9,5.0,55.0,,
132,ESTONIA,SÍ,2011,255.0,7.0,3662.0,3400.0,92.0,85.0,17.0,5.0,4.0,89.0,2.0,63.0,7.0,82.0,0.0,23.0,13.0,54.0,6.0,84,6,69.0,39.0,48.0,,209.0,98,1517,31,588,9233333,6,91428571,514,77,25,49.0,18.0,48.0,
133,ESTONIA,SÍ,2012,247.0,96.0,,3286.0,,17.0,5.0,4.0,75.0,1.0,28.0,7.0,47.0,0.0,18.0,71.0,10.0,79.0,7.0,92,34,48.0,,205.0,1.0,1405.0,66,548,4133333,7,274285714,499,56,22,91,12,61.0,,,
134,ESTONIA,SÍ,2013,235.0,73.0,3420.0,3023.0,88.0,39.0,18.0,6.0,3.0,94.0,0.0,76.0,7.0,5.0,0.0,8.0,18.0,18.0,10.0,23,7,95.0,36.0,6.0,,161.0,49,1247,18,481,5766667,6,948571429,481,53,22,16.0,14.0,76.0,
135,ESTONIA,SÍ,2014,230.0,58.0,2962.0,3034.0,102.0,43.0,21.0,8.0,3.0,12.0,1.0,6.0,5.0,85.0,0.0,15.0,12.0,11.0,17.0,3,95,27.0,36.0,,157.0,47.0,1196,6,460,2966667,5,752857143,:,:,13,54,,,,
136,ESTONIA,SÍ,2015,214.0,7.0,,2823.0,,21.0,6.0,3.0,8.0,1.0,29.0,7.0,45.0,0.0,21.0,6.0,12.0,24.0,9.0,35,25,63.0,,126.0,4.0,863.0,51,338,5133333,7,961428571,434,3,22,14,13,54.0,,,
137,ESTONIA,SÍ,2016,217.0,64.0,2915.0,2864.0,98.0,25.0,21.0,7.0,2.0,51.0,0.0,84.0,7.0,7.0,0.0,20.0,59.0,11.0,55.0,9,4,18.0,85.0,,100.0,92.0,682,55,267,44,7,371428571,435,54,25,46,9.0,81.0,,
138,ESTONIA,SÍ,2017,206.0,97.0,2915.0,2723.0,93.0,41.0,21.0,2.0,2.0,1.0,22.0,5.0,78.0,0.0,19.0,69.0,11.0,4.0,8.0,28,15,28.0,,73.0,35.0,580.0,18,222,9366667,6,938571429,418,11,20,2,11,74.0,,,
139,ESTONIA,SÍ,2018,195.0,89.0,3334.0,2584.0,77.0,5.0,21.0,9.0,1.0,9.0,1.0,36.0,6.0,82.0,0.0,22.0,44.0,16.0,7.0,6,37,,,57.0,23.0,561.0,2,309,215,7,851428571,396,24,17,62,8,1.0,,,
140,FINLANDIA,SÍ,2009,67.0,38.0,,3589.0,,,2.0,25.0,6.0,87.0,39.0,11.0,0.0,6.0,39.0,41.0,12.0,39.0,27.0,2,30,79.0,482.0,19.0,121.0,98.0,2652,22,821,795,18,15857143,124,4,8,77,9.0,34.0,,
141,FINLANDIA,SÍ,2010,62.0,86.0,,3364.0,,13.0,1.0,2.0,22.0,5.0,74.0,36.0,89.0,0.0,2.0,44.0,55.0,15.0,29.0,29,26,28.0,17.0,467.0,7.0,120.0,58,2558,85,793,825,19,13857143,116,4,8,99.0,8.0,53.0,
142,FINLANDIA,SÍ,2011,60.0,8.0,,3268.0,,13.0,7.0,2.0,5.0,5.0,73.0,37.0,86.0,0.0,6.0,58.0,77.0,19.0,33.0,39,44,30.0,17.0,480.0,92.0,124.0,12,2602,6,809,3175,23,32,112,53,8,33.0,6.0,71.0,
143,FINLANDIA,SÍ,2012,61.0,21.0,,3306.0,,13.0,2.0,1.0,63.0,6.0,46.0,34.0,36.0,0.0,2.0,59.0,87.0,18.0,68.0,41,19,29.0,91.0,450.0,4.0,116.0,29,2337,3,733,385,23,17285714,113,1,7,97.0,6.0,55.0,
144,FINLANDIA,SÍ,2013,60.0,72.0,,3295.0,,11.0,8.0,1.0,64.0,4.0,86.0,33.0,0.0,2.0,55.0,6.0,17.0,97.0,37.0,9,28,7.0,422.0,19.0,105.0,92.0,2361,83,729,5025,21,37714286,113,96,9,28,8.0,4.0,,
145,FINLANDIA,SÍ,2014,57.0,75.0,3083.0,3148.0,102.0,11.0,12.0,8.0,1.0,61.0,6.0,30.0,18.0,0.0,2.0,51.0,82.0,18.0,51.0,33,31,30.0,95.0,453.0,56.0,116.0,76,2336,1,734,32,20,20714286,108,49,8,66.0,7.0,6.0,
146,FINLANDIA,SÍ,2015,57.0,29.0,3079.0,3135.0,101.0,82.0,12.0,4.0,1.0,5.0,5.0,46.0,28.0,56.0,0.0,2.0,50.0,66.0,19.0,6,31,6.0,28.0,29.0,451.0,19.0,109,11,2237,2,706,4025,19,55142857,107,66,8.0,53.0,9.0,38.0
147,FINLANDIA,SÍ,2016,57.0,51.0,2959.0,3156.0,106.0,66.0,11.0,6.0,1.0,35.0,5.0,67.0,29.0,1.0,0.0,5.0,58.0,1.0,21.0,14,36,96.0,30.0,43.0,448.0,2.0,96,57,2086,45,665,4125,21,75428571,108,46,8.0,11.0,8.0,28.0
148,FINLANDIA,SÍ,2017,56.0,2922.0,3082.0,105.0,48.0,11.0,5.0,1.0,24.0,6.0,32.0,28.0,73.0,0.0,2.0,55.0,49.0,22.0,62.0,32,87,29.0,8.0,401.0,63.0,86.0,69,2003,22,630,335,21,4142857,105,8,38,8.0,67.0,,
149,FINLANDIA,SÍ,2018,53.0,62.0,2975.0,2956.0,99.0,36.0,12.0,1.0,63.0,6.0,44.0,29.0,18.0,0.0,7.0,64.0,16.0,25.0,27.0,38,89,,386.0,1.0,89.0,35.0,1957,82,811,9,23,66285714,100,36,8,12,9.0,14.0,,
150,FRANCIA,SÍ,2009,94.0,76.0,54988.0,60978.0,110.0,89.0,,1.0,25.0,1.0,67.0,342.0,7.0,3.0,24.0,36.0,14.0,15.0,29.0,20,84,175.0,24.0,497.0,93.0,278.0,8,2149,68,775,4125,60,7142857,187,13,6,9.0,4.0,67.0,
151,FRANCIA,SÍ,2010,93.0,64.0,56358.0,60544.0,107.0,43.0,13.0,3.0,1.0,23.0,1.0,87.0,358.0,67.0,3.0,24.0,35.0,51.0,15.0,63,19,88.0,187.0,19.0,506.0,24.0,293,77,1813,45,700,1625,62,29,185,7,5.0,78.0,5.0,24.0
152,FRANCIA,SÍ,2011,99.0,7.0,57236.0,64787.0,113.0,19.0,14.0,1.0,35.0,2.0,4.0,355.0,97.0,3.0,44.0,36.0,74.0,16.0,1.0,20,72,186.0,16.0,531.0,71.0,338.0,65,1791,4,711,89,62,32428571,196,77,6,47.0,4.0,82.0,
153,FRANCIA,SÍ,2012,101.0,98.0,56992.0,66572.0,116.0,81.0,14.0,1.0,1.0,25.0,2.0,39.0,355.0,3.0,24.0,41.0,3.0,16.0,68.0,24,35,189.0,67.0,558.0,33.0,364.0,73,1798,31,727,76,63,42,201,45,6,47.0,4.0,94.0,
154,FRANCIA,SÍ,2013,102.0,25.0,57516.0,67075.0,116.0,62.0,13.0,7.0,1.0,22.0,2.0,29.0,355.0,64.0,3.0,45.0,42.0,34.0,17.0,3,25,32.0,190.0,2.0,587.0,67.0,381,75,2118,89,819,5825,63,89857143,204,31,6.0,39.0,5.0,
155,FRANCIA,SÍ,2014,100.0,5.0,57841.0,66270.0,114.0,57.0,13.0,3.0,1.0,16.0,2.0,54.0,360.0,8.0,4.0,48.0,46.0,95.0,18.0,44,28,51.0,173.0,2.0,574.0,98.0,357,31,2167,66,818,2425,66,12571429,200,9,6.0,2.0,5.0,1.0
156,FRANCIA,SÍ,2015,100.0,29.0,58561.0,66678.0,113.0,86.0,13.0,6.0,1.0,55.0,3.0,18.0,364.0,25.0,5.0,74.0,50.0,6.0,19.0,28,30,78.0,156.0,59.0,570.0,41.0,348,61,2101,67,794,32,67,83428571,200,38,6.0,26.0,4.0,81.0
157,FRANCIA,SÍ,2016,102.0,5.0,58681.0,68432.0,116.0,62.0,13.0,6.0,1.0,33.0,3.0,61.0,363.0,86.0,5.0,72.0,56.0,24.0,22.0,22,34,3.0,156.0,72.0,573.0,56.0,361,29,2069,24,790,2025,69,57285714,204,6,6.0,58.0,4.0,79.0
158,FRANCIA,SÍ,2017,103.0,25.0,59765.0,68974.0,115.0,41.0,13.0,2.0,1.0,22.0,3.0,8.0,,,62.0,25.0,25.0,3.0,37.0,22,149,81.0,,,,149.0,81,25,904,206,1,6,94,5,11,,,,,
159,FRANCIA,SÍ,2018,104.0,69.0,,70059.0,,13.0,4.0,1.0,16.0,4.0,5.0,,,73.0,82.0,29.0,38.0,44.0,44.0,,,,,,30.0,57.0,208,7,7,33,5,24,,,,,,,,
160,GRECIA,SÍ,2009,102.0,43.0,9723.0,11364.0,116.0,88.0,,1.0,36.0,1.0,69.0,4.0,3.0,0.0,14.0,8.0,33.0,1.0,92.0,6,41,42.0,5.0,359.0,2.0,169.0,89,543,4,278,6125,3,45,188,78,9,83.0,25.0,82.0,
161,GRECIA,SÍ,2010,111.0,6.0,10326.0,12349.0,119.0,59.0,20.0,1.0,1.0,58.0,1.0,74.0,9.0,9.0,1.0,56.0,4.0,59.0,1.0,93,1,68.0,54.0,67.0,471.0,35.0,221,26,606,57,338,4625,3,282857143,205,17,10.0,2.0,1.0,28.0
162,GRECIA,SÍ,2011,112.0,19.0,10376.0,12479.0,120.0,27.0,21.0,4.0,1.0,65.0,1.0,64.0,12.0,81.0,1.0,42.0,3.0,91.0,1.0,55,1,61.0,59.0,66.0,536.0,2.0,247,85,633,95,369,37,3,512857143,207,76,9.0,91.0,28.0,88.0
163,GRECIA,SÍ,2012,112.0,53.0,9886.0,12475.0,126.0,19.0,23.0,1.0,1.0,49.0,1.0,67.0,15.0,26.0,1.0,25.0,4.0,38.0,1.0,51,1,83.0,54.0,5.0,518.0,44.0,254,3,563,28,347,5175,3,912857143,208,67,9.0,84.0,29.0,99.0
164,GRECIA,SÍ,2013,115.0,35.0,9909.0,12693.0,128.0,1.0,23.0,1.0,1.0,28.0,1.0,61.0,14.0,63.0,0.0,86.0,4.0,25.0,1.0,35,1,7.0,44.0,7.0,446.0,74.0,232,19,489,2,303,1625,3,668571429,224,23,11.0,71.0,30.0,69.0
165,GRECIA,SÍ,2014,107.0,97.0,9886.0,11798.0,119.0,34.0,22.0,1.0,0.0,96.0,1.0,42.0,13.0,35.0,0.0,53.0,4.0,26.0,1.0,23,1,75.0,34.0,78.0,399.0,45.0,209,4,464,9,276,93,3,357142857,211,28,10.0,19.0,23.0,29.0
166,GRECIA,SÍ,2015,88.0,52.0,9886.0,9611.0,97.0,22.0,21.0,4.0,0.0,79.0,1.0,56.0,14.0,96.0,0.0,82.0,5.0,1.0,1.0,12,2,39.0,39.0,75.0,421.0,76.0,221,24,507,93,297,67,3,82,173,2,8.0,69.0,1.0,61.0
167,GRECIA,SÍ,2016,88.0,65.0,9815.0,9560.0,97.0,4.0,21.0,2.0,0.0,75.0,1.0,22.0,14.0,5.0,0.0,57.0,4.0,57.0,1.0,44,2,44.0,43.0,94.0,414.0,35.0,217,18,530,4,301,3775,3,577142857,172,94,9.0,26.0,0.0,68.0
168,GRECIA,SÍ,2017,92.0,97.0,10260.0,10011.0,97.0,57.0,20.0,2.0,0.0,72.0,1.0,39.0,14.0,2.0,0.0,72.0,4.0,21.0,1.0,45,2,8.0,39.0,66.0,392.0,34.0,204,7,630,9,316,6975,3,512857143,181,18,9.0,93.0,1.0,17.0
169,GRECIA,SÍ,2018,99.0,19.0,,10654.0,,18.0,5.0,0.0,88.0,1.0,15.0,14.0,77.0,0.0,69.0,3.0,94.0,1.0,46.0,1,69,40.0,57.0,370.0,89.0,193.0,22,542,73,286,8525,3,511428571,193,88,10,0.0,69.0,,
170,HUNGRÍA,SÍ,2009,153.0,84.0,12042.0,15432.0,128.0,15.0,,1.0,39.0,1.0,36.0,127.0,48.0,0.0,14.0,6.0,54.0,2.0,27.0,4,27,31.0,49.0,375.0,82.0,175.0,71,1248,6,457,905,20,49285714,292,48,18,77.0,27.0,61.0,
171,HUNGRÍA,SÍ,2010,163.0,5.0,12335.0,16328.0,132.0,37.0,12.0,3.0,1.0,33.0,1.0,43.0,145.0,48.0,0.0,18.0,6.0,76.0,2.0,46,4,3.0,33.0,91.0,441.0,87.0,219,48,1608,21,575,8675,23,13428571,310,24,19.0,19.0,11.0,72.0
172,HUNGRÍA,SÍ,2011,172.0,35.0,12604.0,17210.0,136.0,54.0,14.0,1.0,1.0,42.0,1.0,33.0,142.0,32.0,0.0,12.0,6.0,3.0,1.0,96,4,34.0,32.0,8.0,453.0,38.0,225,66,1574,59,571,4275,22,54142857,326,1,23.0,2.0,30.0,71.0
173,HUNGRÍA,SÍ,2012,172.0,97.0,12573.0,17179.0,136.0,63.0,14.0,3.0,1.0,14.0,1.0,9.0,140.0,69.0,0.0,9.0,6.0,99.0,1.0,93,5,5.0,30.0,57.0,471.0,78.0,239,2,1601,37,585,685,22,42571429,326,8,23.0,52.0,29.0,14.0
174,HUNGRÍA,SÍ,2013,180.0,5.0,12584.0,17841.0,141.0,78.0,15.0,1.0,39.0,1.0,6.0,135.0,0.0,7.0,60.0,29.0,2.0,5.0,4.0,35,23,19.0,380.0,35.0,218.0,5.0,1254,2,468,9475,29,23714286,349,56,26,11,28.0,81.0,,
175,HUNGRÍA,SÍ,2014,181.0,12.0,12584.0,17890.0,142.0,16.0,15.0,1.0,31.0,1.0,7.0,136.0,42.0,0.0,3.0,7.0,83.0,3.0,22.0,2,3,19.0,78.0,302.0,54.0,244.0,26,1082,67,412,3125,21,74,351,68,26,7.0,27.0,2.0,
176,HUNGRÍA,SÍ,2015,177.0,5.0,13209.0,17449.0,132.0,1.0,14.0,9.0,2.0,5.0,0.0,87.0,126.0,55.0,0.0,11.0,17.0,11.0,3.0,86,2,45.0,14.0,61.0,290.0,14.0,205,88,1129,57,410,5,21,85714286,344,97,24.0,23.0,24.0,45.0
177,HUNGRÍA,SÍ,2016,179.0,62.0,13774.0,17658.0,128.0,2.0,14.0,5.0,0.0,93.0,0.0,99.0,,0.0,5.0,6.0,1.0,6.0,8.0,,11,23.0,,,952.0,6.0,481,645,2,83,348,96,24,89,20,45,,,,
178,HUNGRÍA,SÍ,2017,177.0,1.0,14011.0,17343.0,123.0,78.0,13.0,4.0,0.0,87.0,0.0,73.0,,0.0,3.0,6.0,6.0,,8.0,58,,,819.0,95.0,414.0,265.0,2,726,343,66,24,91,17,89,,,,,,
179,HUNGRÍA,SÍ,2018,166.0,73.0,14469.0,16303.0,112.0,68.0,12.0,8.0,0.0,85.0,0.0,6.0,,0.0,2.0,5.0,53.0,5.0,53.0,,7,12.0,,,656.0,45.0,331,785,2,506,323,14,23,64,13,83,,,,
180,INGLATERRA,SÍ,2009,148.0,69.0,,81836.0,,,1.0,8.0,,726.0,23.0,3.0,38.0,67.0,78.0,27.0,39.0,40.0,39.0,136,46,982.0,29.0,488.0,3.0,2892.0,44,1124,805,144,375,279,56,14,93,17,88.0,,,
181,INGLATERRA,SÍ,2010,151.0,46.0,91226.0,84004.0,92.0,8.0,17.0,1.0,1.0,14.0,,661.0,46.0,3.0,1.0,70.0,52.0,28.0,65.0,41,87,137.0,37.0,942.0,37.0,465.0,46,2665,85,1052,7625,134,4566667,286,82,14,87.0,5.0,12.0,
182,INGLATERRA,SÍ,2011,150.0,95.0,92211.0,84428.0,91.0,56.0,16.0,2.0,0.0,94.0,,602.0,28.0,2.0,71.0,68.0,47.0,28.0,67.0,39,8,133.0,53.0,895.0,81.0,438.0,59,2649,5,1029,245,123,8116667,286,13,14,58.0,13.0,93.0,
183,INGLATERRA,SÍ,2012,150.0,59.0,92933.0,84886.0,91.0,34.0,16.0,0.0,97.0,,551.0,63.0,2.0,46.0,69.0,6.0,29.0,5.0,40.0,1,115,58.0,815.0,67.0,403.0,19.0,2414,98,937,355,115,53,286,65,14,27,13.0,23.0,,
184,INGLATERRA,SÍ,2013,144.0,27.0,88444.0,81884.0,92.0,58.0,15.0,9.0,0.0,92.0,,566.0,5.0,3.0,4.0,82.0,57.0,36.0,56.0,46,1,101.0,88.0,780.0,87.0,373.0,49,2337,36,898,4,122,6,279,35,13,24.0,10.0,65.0,
185,INGLATERRA,SÍ,2014,146.0,35.0,89739.0,83678.0,93.0,25.0,16.0,8.0,0.0,89.0,,653.0,16.0,3.0,83.0,137.0,79.0,51.0,4.0,61,7,87.0,71.0,718.0,55.0,343.0,76,2342,92,873,235,151,3566667,283,2,13,45.0,7.0,15.0,
186,INGLATERRA,SÍ,2015,146.0,42.0,89116.0,84444.0,94.0,76.0,16.0,6.0,0.0,95.0,,746.0,93.0,5.0,24.0,184.0,81.0,62.0,28.0,71,82,88.0,7.0,695.0,62.0,337.0,18,2354,96,869,115,178,6716667,283,29,13,28.0,6.0,8.0,
187,INGLATERRA,SÍ,2016,146.0,11.0,89170.0,83604.0,93.0,76.0,15.0,9.0,1.0,16.0,,802.0,85.0,6.0,62.0,210.0,19.0,71.0,59.0,79,39,102.0,6.0,708.0,87.0,354.0,61,2524,38,922,48,195,3,277,96,13,1.0,5.0,55.0,
188,INGLATERRA,SÍ,2017,144.0,19.0,88849.0,84441.0,95.0,4.0,17.0,1.0,2.0,,875.0,94.0,7.0,73.0,258.0,5.0,92.0,29.0,95.0,29,131,63.0,747.0,32.0,426.0,8.0,2686,1,997,76,221,75,278,13,13,44,5.0,14.0,,
189,INGLATERRA,SÍ,2018,138.0,91.0,88491.0,81904.0,92.0,56.0,18.0,6.0,1.0,14.0,,927.0,84.0,8.0,86.0,274.0,81.0,99.0,48.0,100,17,,717.0,21.0,401.0,15.0,2702,2,1273,46,235,3833333,268,8,12,68,5.0,21.0,,
190,IRLANDA,SÍ,2009,85.0,55.0,4323.0,3868.0,89.0,47.0,,1.0,17.0,0.0,15.0,82.0,23.0,1.0,85.0,31.0,98.0,8.0,5.0,23,93,55.0,78.0,608.0,27.0,,1701,11,788,3866667,21,33714286,163,81,5,42,4.0,97.0,,
191,IRLANDA,SÍ,2010,94.0,91.0,4480.0,4318.0,96.0,38.0,15.0,2.0,1.0,21.0,0.0,15.0,80.0,91.0,1.0,8.0,46.0,88.0,10.0,28,36,59.0,71.0,8.0,573.0,58.0,,1684,89,776,5166667,25,40285714,157,45,6,3.0,,,
192,IRLANDA,SÍ,2011,92.0,24.0,4480.0,4216.0,94.0,11.0,15.0,2.0,0.0,92.0,0.0,17.0,77.0,46.0,1.0,68.0,39.0,53.0,9.0,75,29,77.0,64.0,62.0,616.0,73.0,,1677,33,786,2266667,22,75428571,157,53,5,3.0,2.0,5.0,
193,IRLANDA,SÍ,2012,93.0,55.0,4622.0,4287.0,92.0,75.0,16.0,3.0,1.0,13.0,0.0,19.0,70.0,11.0,1.0,41.0,40.0,4.0,9.0,97,30,6.0,61.0,33.0,620.0,57.0,,1660,87,780,9233333,21,84428571,157,24,5,27.0,2.0,2.0,
194,IRLANDA,SÍ,2013,89.0,4.0,4244.0,4088.0,96.0,32.0,15.0,7.0,1.0,11.0,0.0,28.0,66.0,89.0,1.0,74.0,38.0,73.0,8.0,52,30,21.0,60.0,88.0,572.0,65.0,,1708,33,780,62,21,6857143,158,22,5,26.0,1.0,64.0,
195,IRLANDA,SÍ,2014,82.0,1.0,4145.0,3777.0,91.0,12.0,16.0,4.0,1.0,15.0,0.0,33.0,68.0,2.0,1.0,3.0,40.0,19.0,10.0,35,29,84.0,57.0,14.0,596.0,81.0,,1673,6,775,85,21,62285714,135,9,5,16.0,0.0,68.0,
196,IRLANDA,SÍ,2015,81.0,12.0,4695.0,3755.0,79.0,98.0,16.0,2.0,0.0,64.0,0.0,28.0,75.0,17.0,1.0,97.0,49.0,3.0,14.0,24,30,2.0,51.0,82.0,549.0,68.0,,1554,55,718,6833333,24,51714286,135,28,4,95.0,1.0,1.0,
197,IRLANDA,SÍ,2016,78.0,67.0,,3718.0,,16.0,8.0,0.0,74.0,0.0,51.0,76.0,89.0,1.0,57.0,53.0,87.0,14.0,73.0,32,48,41.0,36.0,382.0,35.0,,1312,72,578,81,25,82714286,127,48,3,98,4.0,98.0,,
198,IRLANDA,SÍ,2017,76.0,92.0,,3680.0,,15.0,6.0,0.0,88.0,0.0,29.0,85.0,3.0,1.0,59.0,60.0,47.0,17.0,47.0,35,47,42.0,24.0,391.0,94.0,,1399,18,611,12,28,78142857,:,:,1,18,,,,
199,IRLANDA,SÍ,2018,82.0,2.0,,3962.0,,14.0,9.0,0.0,87.0,0.0,29.0,93.0,28.0,,66.0,12.0,20.0,45.0,37.0,4,45,3.0,344.0,36.0,,1336.0,2,575,1366667,36,34166667,:,:,,,,,,,
200,IRLANDA DE NORTE,SÍ,2009,85.0,38.0,1842.0,1525.0,82.0,79.0,,1.0,62.0,6.0,38.0,89.0,86.0,4.0,59.0,99.0,4.0,23.0,63.0,75,41,73.0,62.0,710.0,96.0,421.0,23,1601,62,701,8575,42,93285714,166,9,5,16.0,4.0,44.0,
201,IRLANDA DE NORTE,SÍ,2010,81.0,43.0,1765.0,1465.0,83.0,,1.0,28.0,6.0,56.0,80.0,66.0,3.0,11.0,103.0,83.0,27.0,68.0,76.0,15,74,99.0,658.0,8.0,395.0,55.0,1310,66,610,42,75285714,159,4,5,1,,,,,
202,IRLANDA DE NORTE,SÍ,2011,92.0,45.0,1765.0,1673.0,94.0,79.0,,1.0,27.0,6.0,13.0,79.0,91.0,3.0,65.0,101.0,68.0,30.0,28.0,71,4,70.0,13.0,621.0,26.0,384.0,46,1352,83,607,17,42,4571429,183,11,4,88.0,3.0,95.0,
203,IRLANDA DE NORTE,SÍ,2012,92.0,47.0,1765.0,1682.0,95.0,3.0,,1.0,15.0,6.0,38.0,70.0,26.0,2.0,47.0,102.0,2.0,27.0,65.0,74,55,57.0,18.0,523.0,44.0,322.0,61,1309,78,553,2525,40,66571429,182,86,5,5.0,0.0,93.0,
204,IRLANDA DE NORTE,SÍ,2013,98.0,32.0,1905.0,1796.0,94.0,28.0,,1.0,9.0,5.0,58.0,59.0,84.0,3.0,23.0,117.0,87.0,29.0,73.0,54,3,53.0,5.0,499.0,55.0,317.0,74,1493,93,591,675,38,76714286,193,34,6,88.0,0.0,,
205,IRLANDA DE NORTE,SÍ,2014,93.0,2.0,1914.0,1709.0,89.0,29.0,,0.0,93.0,6.0,4.0,63.0,79.0,2.0,39.0,140.0,53.0,37.0,39.0,62,86,49.0,31.0,483.0,81.0,310.0,95,1460,35,576,105,44,84714286,183,15,6,2.0,0.0,,
206,IRLANDA DE NORTE,SÍ,2015,78.0,34.0,1793.0,1447.0,80.0,7.0,,1.0,3.0,6.0,6.0,65.0,29.0,3.0,52.0,157.0,62.0,40.0,79.0,70,52,43.0,87.0,496.0,24.0,330.0,3,1392,41,565,705,49,3,154,82,4,57.0,0.0,,
207,IRLANDA DE NORTE,SÍ,2016,75.0,7.0,,1407.0,,,0.0,97.0,4.0,2.0,59.0,78.0,4.0,36.0,171.0,35.0,44.0,6.0,73.0,5,36,24.0,397.0,84.0,267.0,4.0,1294,58,498,925,51,25142857,148,89,5,8,0.0,,,
208,IRLANDA DE NORTE,SÍ,2017,75.0,59.0,,1411.0,,,1.0,29.0,5.0,3.0,56.0,41.0,3.0,59.0,179.0,79.0,51.0,75.0,8.0,30,38,365.0,36.0,,1253.0,97.0,549,9033333,53,31142857,147,75,5,8,0,,,,,
209,IRLANDA DE NORTE,SÍ,2018,75.0,1855.0,1407.0,75.0,85.0,,1.0,23.0,3.0,94.0,56.0,66.0,4.0,37.0,193.0,2.0,58.0,1.0,77.0,99,33,1.0,340.0,52.0,,1288.0,84,554,1533333,56,47285714,:,:,0,,,,,,
210,ISLANDIA,NO,2009,46.0,34.0,145.0,148.0,102.0,7.0,,0.0,31.0,1.0,25.0,24.0,74.0,,,24.0,42.0,,18.0,79,1103,43.0,303.0,1.0,1750.0,2.0,793,835,12,68,83,92,4,45,2,47,,,,
211,ISLANDIA,NO,2010,52.0,58.0,,167.0,,9.0,8.0,0.0,63.0,1.0,26.0,17.0,95.0,,,30.0,85.0,,13.0,22,902,31.0,296.0,26.0,1548.0,97.0,690,19,12,6725,99,41,5,7,0,,,,,
212,ISLANDIA,NO,2011,47.0,1.0,,150.0,,9.0,2.0,0.0,94.0,0.0,94.0,18.0,84.0,,,40.0,19.0,,13.0,19,596,64.0,192.0,49.0,1319.0,82.0,530,535,15,2275,87,5,5,5,0,,,,,
213,ISLANDIA,NO,2012,47.0,88.0,141.0,153.0,108.0,51.0,7.0,9.0,0.0,31.0,1.0,88.0,23.0,16.0,,,38.0,18.0,,15,65,429.0,95.0,141.0,75.0,1297.0,66,471,2525,15,8825,86,68,8,17,2,49.0,,,
214,ISLANDIA,NO,2013,47.0,23.0,164.0,147.0,89.0,63.0,9.0,3.0,0.0,31.0,1.0,55.0,28.0,58.0,,227.0,12.0,55.0,93.0,17,4,15.0,22.0,339.0,28.0,118.0,69,1274,48,436,9175,55,14833333,87,34,3,74.0,1.0,25.0,
215,ISLANDIA,NO,2014,47.0,29.0,155.0,154.0,99.0,35.0,7.0,9.0,0.0,61.0,1.0,54.0,31.0,1.0,,128.0,66.0,39.0,61.0,12,59,15.0,66.0,350.0,97.0,119.0,45,1126,9,403,245,35,67,92,46,1,85.0,0.0,,
216,ISLANDIA,NO,2015,42.0,24.0,148.0,139.0,93.0,92.0,9.0,2.0,0.0,91.0,0.0,3.0,25.0,83.0,,134.0,31.0,54.0,9.0,13,67,16.0,1.0,386.0,81.0,122.0,15,1225,16,437,555,38,185,79,3,4,88.0,0.0,,
217,ISLANDIA,NO,2016,34.0,88.0,140.0,116.0,82.0,86.0,8.0,8.0,0.0,3.0,1.0,8.0,22.0,25.0,,149.0,76.0,55.0,63.0,13,53,15.0,4.0,312.0,15.0,92.0,92,1044,12,366,575,40,545,65,16,4,24.0,0.0,,
218,ISLANDIA,NO,2017,40.0,49.0,,137.0,,10.0,1.0,0.0,89.0,2.0,36.0,30.0,44.0,,140.0,68.0,62.0,95.0,20.0,39,14,48.0,313.0,29.0,113.0,2.0,1129,6,392,6425,42,95166667,73,67,6,57,0.0,,,
219,ISLANDIA,NO,2018,39.0,3.0,,136.0,,8.0,8.0,0.0,57.0,1.0,43.0,35.0,1.0,,158.0,13.0,75.0,48.0,11.0,48,,369.0,6.0,145.0,79.0,942.0,75,485,8666667,47,1666667,72,7,4,68,0,,,,
220,ITALIA,SÍ,2009,111.0,18.0,44838.0,65598.0,146.0,3.0,,1.0,2.0,28.0,111.0,2.0,0.0,59.0,,,8.0,41.0,85.0,99,,255.0,66.0,1953.0,7.0,764.0,9066667,24,696,217,15,9,4,12,1,,,,,
221,ITALIA,SÍ,2010,117.0,2.0,45791.0,69263.0,151.0,26.0,18.0,7.0,0.0,89.0,2.0,21.0,109.0,59.0,0.0,59.0,,,8.0,13,81,9.0,,285.0,8.0,1594.0,9,653,93,24,282,226,99,9,59,15,5.0,,,
222,ITALIA,SÍ,2011,115.0,9.0,46452.0,68325.0,147.0,9.0,19.0,8.0,0.0,93.0,2.0,36.0,115.0,39.0,0.0,6.0,,,7.0,78,98,5.0,,345.0,14.0,1750.0,731,633333,25,412,223,19,9,16,12,94,,,,
223,ITALIA,SÍ,2012,112.0,98.0,47864.0,67102.0,140.0,19.0,19.0,5.0,0.0,89.0,2.0,23.0,117.0,6.0,0.0,57.0,,,7.0,89,105,47.0,,399.0,63.0,1795.0,91,767,33333,25,728,218,95,9,14,14,22.0,,,
224,ITALIA,SÍ,2013,106.0,97.0,48559.0,63848.0,131.0,49.0,19.0,3.0,0.0,85.0,2.0,5.0,111.0,11.0,0.0,54.0,7.0,52.0,,7,52,106.0,84.0,,421.0,25.0,2183,71,903,9333333,21,59833333,211,37,9,4,14.0,1.0,,
225,ITALIA,SÍ,2014,90.0,7.0,50282.0,54745.0,108.0,88.0,19.0,4.0,0.0,8.0,2.0,6.0,110.0,24.0,0.0,49.0,7.0,82.0,,7,64,55.0,,420.0,99.0,2167.0,27,884,27,21,40166667,177,62,7,59,13,9.0,,,
226,ITALIA,SÍ,2015,87.0,85.0,50239.0,53410.0,106.0,31.0,19.0,9.0,0.0,77.0,1.0,98.0,107.0,3.0,0.0,47.0,7.0,42.0,,6,58,57.0,71.0,,386.0,9.0,2021,7,821,8333333,20,70833333,173,56,7,5,11.0,5.0,,
227,ITALIA,SÍ,2016,92.0,27.0,50806.0,55978.0,110.0,18.0,20.0,6.0,0.0,67.0,1.0,78.0,105.0,72.0,0.0,32.0,7.0,44.0,,,55,9.0,,352.0,84.0,1867.0,31,758,4133333,23,186,181,96,7,62,12,34.0,,,
228,ITALIA,SÍ,2017,97.0,44.0,51078.0,59038.0,115.0,58.0,20.0,3.0,0.0,61.0,1.0,81.0,108.0,77.0,0.0,33.0,8.0,44.0,,,51,44.0,,323.0,2.0,1765.0,93,713,5233333,23,992,191,95,8,8,13,24.0,,,
229,ITALIA,SÍ,2018,101.0,7.0,51141.0,61131.0,119.0,53.0,20.0,3.0,0.0,57.0,1.0,74.0,109.0,7.0,0.0,31.0,8.0,9.0,,,47,92.0,,316.0,4.0,1655.0,52,673,28,24,244,198,56,8,69,14,43.0,,,
230,KOSOVO,NO,2009,,,,,,3.0,35.0,8.0,39.0,162.0,29.0,2.0,29.0,6.0,28.0,2.0,2.0,4.0,26.0,26,87,270.0,24.0,105.0,7.0,631.0,5,258,5775,26,98285714,:,:,,,,,,,
231,KOSOVO,NO,2010,,,,,,4.0,8.0,6.0,84.0,170.0,28.0,1.0,95.0,5.0,53.0,1.0,49.0,4.0,3.0,25,63,317.0,87.0,134.0,82.0,689.0,91,292,575,27,84571429,:,:,7,88,,,,,
232,KOSOVO,NO,2011,80.0,32.0,1484.0,1441.0,97.0,1.0,,3.0,46.0,10.0,98.0,208.0,62.0,1.0,73.0,6.0,97.0,1.0,34.0,5,63,35.0,6.0,423.0,81.0,185.0,54,955,37,399,945,34,10428571,149,51,5,17.0,,,
233,KOSOVO,NO,2012,,1785.0,1737.0,97.0,31.0,,,,,,,,,,,,,,,:,:,,,,,,,,,,,,,,,,,,,
234,KOSOVO,NO,2013,,2127.0,1776.0,83.0,5.0,,,,,,,,,,,,,,,:,:,,,,,,,,,,,,,,,,,,,
235,KOSOVO,NO,2014,,2132.0,1854.0,86.0,96.0,,,,,,,,,,,,,,,:,:,,,,,,,,,,,,,,,,,,,
236,KOSOVO,NO,2015,,2394.0,1478.0,61.0,74.0,,,,,,,,,,,,,,,:,:,,,,,,,,,,,,,,,,,,,
237,KOSOVO,NO,2016,93.0,2.0,2290.0,1648.0,71.0,97.0,,1.0,64.0,8.0,3.0,20.0,49.0,1.0,24.0,5.0,59.0,1.0,58.0,3,16,16.0,26.0,336.0,8.0,252.0,14,710,82,328,825,6,181,71,4,84,,,,
238,KOSOVO,NO,2017,95.0,82.0,2290.0,1709.0,74.0,63.0,,1.0,85.0,7.0,51.0,18.0,56.0,0.0,9.0,24.0,73.0,1.0,63.0,2,8,17.0,21.0,289.0,99.0,,312,25,206,4833333,8,282857143,189,29,4,33,10.0,8.0,,
239,KOSOVO,NO,2018,87.0,13.0,1567.0,1567.0,100.0,27.0,9.0,2.0,39.0,7.0,73.0,16.0,9.0,0.0,89.0,20.0,18.0,1.0,78.0,2,56,,289.0,24.0,,309.0,65,299,445,7,49,171,59,4,72,6,87.0,,,
240,LATVIA,NO,2009,326.0,19.0,8015.0,7055.0,88.0,2.0,,4.0,99.0,0.0,56.0,18.0,0.0,42.0,,3.0,19.0,,70.0,9,132,97.0,83.0,64.0,1348.0,37.0,408,7675,12,956,655,22,34,35,48,66,,,,
241,LATVIA,NO,2010,319.0,74.0,8333.0,6780.0,81.0,36.0,20.0,9.0,3.0,3.0,0.0,61.0,57.0,82.0,0.0,38.0,,3.0,68.0,,50,55.0,72.0,39.0,37.0,73.0,1210,4,342,6775,13,158,645,87,36,62,9.0,76.0,,
242,LATVIA,NO,2011,316.0,25.0,,6561.0,,19.0,3.0,33.0,1.0,6.0,55.0,96.0,0.0,34.0,,2.0,41.0,,50.0,47,,,,50.0,47.0,12.0,62,641,8,36,92,23,47,,,,,,,
243,LATVIA,NO,2012,299.0,15.0,7970.0,6117.0,76.0,75.0,19.0,2.0,4.0,74.0,0.0,64.0,64.0,8.0,0.0,5.0,,3.0,13.0,,46,12.0,47.0,78.0,35.0,75.0,1043,67,293,33,14,672,603,97,37,48,18.0,88.0,,
244,LATVIA,NO,2013,253.0,78.0,8144.0,5136.0,63.0,6.0,19.0,4.0,3.0,41.0,0.0,25.0,22.0,63.0,0.0,89.0,22.0,33.0,3.0,61,15,2.0,45.0,31.0,47.0,19.0,34,74,1019,1,286,5625,9,734285714,516,85,31.0,62.0,15.0,64.0
245,LATVIA,NO,2014,237.0,8.0,5852.0,4745.0,81.0,8.0,21.0,2.0,3.0,85.0,0.0,2.0,28.0,43.0,0.0,85.0,27.0,63.0,3.0,75,18,44.0,40.0,42.0,30.0,58.0,21,58,1028,15,280,1825,11,87857143,479,8,31.0,81.0,13.0,26.0
246,LATVIA,NO,2015,221.0,99.0,5871.0,4409.0,75.0,1.0,22.0,5.0,4.0,8.0,0.0,1.0,26.0,89.0,0.0,86.0,23.0,46.0,3.0,2,12,24.0,39.0,22.0,25.0,23.0,12,84,976,14,263,3575,10,9285714,444,58,33.0,31.0,10.0,99.0
247,LATVIA,NO,2016,215.0,49.0,4409.0,4243.0,96.0,23.0,21.0,8.0,5.0,64.0,0.0,71.0,33.0,37.0,0.0,41.0,11.0,17.0,7.0,21,4,22.0,33.0,6.0,323.0,27.0,88,2,739,99,296,85,8,961428571,430,61,32.0,78.0,12.0,5.0
248,LATVIA,NO,2017,193.0,7.0,3783.0,3765.0,99.0,52.0,22.0,1.0,5.0,59.0,0.0,92.0,33.0,69.0,0.0,21.0,13.0,44.0,8.0,26,5,74.0,30.0,97.0,300.0,8.0,73,28,745,29,287,405,9,692857143,387,86,27.0,6.0,12.0,21.0
249,LATVIA,NO,2018,182.0,7.0,3522.0,3522.0,100.0,23.0,3.0,5.0,22.0,1.0,19.0,33.0,4.0,0.0,52.0,15.0,25.0,9.0,1.0,6,88,27.0,61.0,280.0,3.0,66.0,33,726,18,275,105,10,22285714,365,9,26,23.0,11.0,5.0,
250,LIECHTENSTEIN,NO,2009,418.0,67.0,20.0,149.0,745.0,,0.0,0.0,252.0,89.0,0.0,,0.0,,5.0,62.0,547.0,92.0,542.0,3,564,78.0,415.0,155.0,50.0,578.0,847,2,50,1,0,,,,,,,,,
251,LIECHTENSTEIN,NO,2010,211.0,73.0,20.0,76.0,380.0,,2.0,79.0,0.0,214.0,52.0,0.0,,0.0,,5.0,57.0,284.0,17.0,,484,76.0,258.0,1666667.0,43.0,462.0,393,94,27,59,0,,,,,,,,,
252,LIECHTENSTEIN,NO,2011,196.0,41.0,20.0,71.0,355.0,,0.0,8.0,3.0,215.0,77.0,0.0,,5.0,53.0,,2.0,77.0,271.0,1,248,97.0,509.0,257.0,96.0,45.0,92,380,19,16,43,14,88,,,,,,,
253,LIECHTENSTEIN,NO,2012,164.0,5.0,20.0,60.0,300.0,,0.0,0.0,189.0,17.0,0.0,,10.0,97.0,,13.0,71.0,383.0,82.0,139,82,540.0,1.0,269.0,3625.0,40.0,28,315,93,16,28,0,,,,,,,,
254,LIECHTENSTEIN,NO,2013,184.0,59.0,20.0,68.0,340.0,,0.0,0.0,279.0,6.0,0.0,16.0,29.0,8.0,14.0,105.0,87.0,2.0,71.0,339,32,249.0,74.0,632.0,5.0,306.0,675,58,55714286,356,22,16,14,0,,,,,,
255,LIECHTENSTEIN,NO,2014,142.0,75.0,20.0,53.0,265.0,,2.0,69.0,2.0,69.0,323.0,2.0,0.0,21.0,55.0,13.0,47.0,37.0,71.0,2,69,597.0,92.0,312.0,42.0,576.0,37,372,35,57,33,266,3,21,36,0,,,,
256,LIECHTENSTEIN,NO,2015,141.0,84.0,20.0,53.0,265.0,,0.0,0.0,216.0,77.0,0.0,24.0,9.0,5.0,35.0,42.0,82.0,8.0,3.0,449,61,272.0,98.0,516.0,51.0,311.0,7825,41,29,269,5,15,95,0,,,,,,
257,LIECHTENSTEIN,NO,2016,191.0,38.0,20.0,72.0,360.0,,0.0,0.0,188.0,72.0,0.0,23.0,92.0,5.0,32.0,18.0,61.0,10.0,63.0,374,78,204.0,67.0,520.0,97.0,277.0,7625,33,79571429,364,42,21,9,0,,,,,,
258,LIECHTENSTEIN,NO,2017,193.0,7.0,20.0,73.0,365.0,,2.0,64.0,,219.0,52.0,,21.0,16.0,13.0,22.0,,5.0,29.0,335,89,,394.0,8.0,245.0,866667.0,64,135,368,8,20,98,0,,,,,,,
259,LIECHTENSTEIN,NO,2018,165.0,29.0,20.0,63.0,315.0,,2.0,62.0,,207.0,27.0,,23.0,61.0,13.0,12.0,,5.0,25.0,367,32,,425.0,4.0,265.0,87.0,61,655,322,92,10,4,0,,,,,,,
260,LITUANIA,SÍ,2009,271.0,84.0,9062.0,8655.0,95.0,51.0,,7.0,54.0,0.0,6.0,6.0,91.0,1.0,85.0,11.0,37.0,4.0,68.0,6,69,105.0,63.0,,182.0,14.0,954,16,413,9766667,5,662857143,549,77,21,46,30.0,9.0,,
261,LITUANIA,SÍ,2010,290.0,87.0,9399.0,9139.0,97.0,23.0,20.0,5.0,6.0,33.0,0.0,57.0,7.0,8.0,2.0,2.0,16.0,36.0,6.0,62,9,74.0,86.0,79.0,,156.0,11,844,37,362,4233333,7,88571429,590,75,24,47.0,10.0,34.0,
262,LITUANIA,SÍ,2011,324.0,97.0,9399.0,9920.0,105.0,54.0,19.0,2.0,6.0,19.0,0.0,75.0,6.0,75.0,1.0,57.0,17.0,33.0,6.0,26,11,7.0,81.0,96.0,,133.0,69,894,29,369,98,7,131428571,666,6,25,34.0,26.0,22.0,
263,LITUANIA,SÍ,2012,323.0,91.0,9399.0,9729.0,103.0,51.0,18.0,6.0,6.0,3.0,0.0,6.0,5.0,93.0,2.0,16.0,14.0,68.0,5.0,93,8,76.0,64.0,2.0,,117.0,39,781,65,321,2,6,298571429,663,67,26,85.0,22.0,61.0,
264,LITUANIA,SÍ,2013,311.0,62.0,9399.0,9261.0,98.0,53.0,20.0,6.0,5.0,79.0,0.0,47.0,7.0,1.0,1.0,55.0,8.0,58.0,4.0,48,4,11.0,62.0,79.0,109.0,86.0,109,86,940,54,305,7625,4,582857143,645,12,26.0,82.0,20.0,13.0
265,LITUANIA,SÍ,2014,293.0,4.0,9399.0,8636.0,91.0,88.0,19.0,1.0,5.0,27.0,0.0,65.0,6.0,93.0,0.0,10.0,77.0,5.0,37.0,5,4,57.0,35.0,113.0,54.0,113.0,54,947,69,308,3,4,912857143,608,85,23,94.0,16.0,37.0,
266,LITUANIA,SÍ,2015,251.0,77.0,9399.0,7355.0,78.0,25.0,22.0,2.0,5.0,75.0,0.0,72.0,7.0,33.0,0.0,9.0,5.0,31.0,3.0,7,54,43.0,102.0,66.0,102.0,66.0,779,9,259,9125,4,544285714,524,34,18,79,15.0,77.0,,
267,LITUANIA,SÍ,2016,235.0,93.0,8011.0,6815.0,85.0,7.0,21.0,9.0,4.0,92.0,0.0,66.0,7.0,48.0,0.0,7.0,2.0,3.0,81.0,3,39,46.0,46.0,91.0,98.0,91.0,98,691,11,230,3825,3,922857143,488,34,20,65.0,16.0,21.0,
268,LITUANIA,SÍ,2017,231.0,71.0,8011.0,6599.0,82.0,37.0,22.0,9.0,3.0,97.0,0.0,56.0,6.0,25.0,0.0,7.0,94.0,4.0,35.0,3,58,38.0,2.0,90.0,94.0,90.0,94,598,33,204,6025,3,807142857,477,68,21,55.0,11.0,19.0,
269,LITUANIA,SÍ,2018,230.0,87.0,8011.0,6485.0,80.0,95.0,22.0,9.0,3.0,45.0,1.0,1.0,6.0,59.0,0.0,7.0,8.0,4.0,13.0,3,67,29.0,26.0,70.0,6.0,70.0,6,456,87,156,8325,3,82,476,45,20,11.0,9.0,99.0,
270,LUXEMBURGO,SÍ,2009,142.0,25.0,,702.0,,,1.0,1.0,16.0,1.0,476.0,19.0,8.0,11.0,72.0,95.0,11.0,35.0,61.0,6,84,7.0,597.0,97.0,332.0,12.0,1434,45,612,31,92,46,269,16,15,28,4.0,71.0,,
271,LUXEMBURGO,SÍ,2010,135.0,64.0,,681.0,,14.0,5.0,1.0,59.0,15.0,34.0,118.0,71.0,5.0,38.0,64.0,93.0,13.0,15.0,51,79,75.0,9.0,480.0,61.0,269.0,29,1437,66,565,6625,38,69857143,261,2,9,1.0,0.0,,
272,LUXEMBURGO,SÍ,2011,124.0,45.0,,637.0,,13.0,6.0,0.0,78.0,17.0,39.0,133.0,5.0,9.0,18.0,69.0,16.0,13.0,68.0,55,49,77.0,76.0,699.0,24.0,420.0,83,1714,4,728,575,42,67571429,233,29,14,6.0,53.0,,
273,LUXEMBURGO,SÍ,2012,126.0,89.0,,666.0,,15.0,1.0,0.0,57.0,20.0,96.0,128.0,99.0,10.0,86.0,75.0,83.0,14.0,48.0,61,35,100.0,41.0,602.0,64.0,354.0,77,1761,6,704,72,44,72,242,15,11,79.0,6.0,81.0,
274,LUXEMBURGO,SÍ,2013,122.0,15.0,,656.0,,15.0,9.0,0.0,37.0,15.0,46.0,132.0,76.0,8.0,94.0,66.0,48.0,16.0,57.0,58,84,108.0,37.0,632.0,91.0,414.0,87,1924,26,770,1025,42,77428571,232,11,12,28.0,0.0,92.0,
275,LUXEMBURGO,SÍ,2014,113.0,88.0,711.0,626.0,88.0,5.0,16.0,4.0,0.0,73.0,15.0,28.0,132.0,44.0,9.0,46.0,65.0,31.0,13.0,28,65,86.0,111.0,88.0,794.0,64.0,603,8,1866,36,843,99,43,19428571,218,9,9.0,47.0,3.0,62.0
276,LUXEMBURGO,SÍ,2015,122.0,74.0,711.0,691.0,97.0,19.0,15.0,3.0,0.0,89.0,11.0,55.0,108.0,9.0,41.0,58.0,26.0,12.0,8.0,51,16,98.0,41.0,374.0,98.0,478.0,9,1632,98,646,3175,35,90714286,230,87,14,24.0,3.0,57.0,
277,LUXEMBURGO,SÍ,2016,125.0,64.0,711.0,724.0,101.0,83.0,15.0,8.0,0.0,87.0,12.0,49.0,98.0,74.0,8.0,68.0,72.0,71.0,18.0,39,,79.0,65.0,328.0,33.0,368.0,42,1727,38,625,945,35,31333333,119,39,6,25.0,1.0,77.0,
278,LUXEMBURGO,SÍ,2017,115.0,8.0,711.0,684.0,96.0,2.0,16.0,4.0,0.0,34.0,12.0,53.0,99.0,4.0,7.0,79.0,61.0,29.0,14.0,22,,76.0,86.0,342.0,66.0,,1708,24,709,2533333,32,535,218,11,12,58,1.0,21.0,,
279,LUXEMBURGO,SÍ,2018,108.0,97.0,711.0,656.0,92.0,26.0,16.0,7.0,0.0,5.0,11.0,46.0,101.0,49.0,5.0,98.0,59.0,47.0,12.0,62,,,609.0,13.0,,1712.0,94,1161,35,31,92,205,9,11,2,1,83.0,,,
280,MACEDONIA,NO,2009,,1941.0,,0.0,,1.0,71.0,2.0,25.0,11.0,13.0,0.0,78.0,,1.0,81.0,,29.0,14.0,561,35,78.0,69.0,280.0,38.0,237.0,39,3,536,210,36,5,38,15,11,,,,,
281,MACEDONIA,NO,2010,,2041.0,,0.0,27.0,1.0,9.0,1.0,85.0,12.0,8.0,0.0,83.0,,1.0,36.0,,29.0,42.0,652,74,78.0,43.0,264.0,19.0,256.0,195,3,604,209,95,5,37,,,,,,,
282,MACEDONIA,NO,2011,,1941.0,,0.0,26.0,8.0,1.0,31.0,1.0,9.0,11.0,62.0,0.0,68.0,,1.0,99.0,,24.0,94,703,11.0,104.0,99.0,269.0,87.0,275,7275,3,5,209,72,4,87,14,31,,,,
283,MACEDONIA,NO,2012,,,,,26.0,2.0,1.0,36.0,2.0,33.0,10.0,24.0,0.0,92.0,,2.0,9.0,,22.0,77,727,5.0,96.0,47.0,292.0,94.0,284,92,3,388,:,:,14,9,,,,,,
284,MACEDONIA,NO,2013,,,,,24.0,2.0,0.0,97.0,2.0,52.0,10.0,47.0,0.0,87.0,7.0,32.0,1.0,84.0,5.0,48,22,69.0,732.0,63.0,127.0,96.0,268,15,287,8575,4,21,:,:,,,,,,
285,MACEDONIA,NO,2014,,,,,22.0,1.0,1.0,21.0,3.0,63.0,10.0,31.0,0.0,39.0,6.0,54.0,2.0,18.0,,14,76,634.0,53.0,139.0,46.0,241.0,22,257,4925,4,43333333,:,:,,,,,,,
286,MACEDONIA,NO,2015,,,,,21.0,5.0,1.0,1.0,2.0,27.0,7.0,44.0,0.0,53.0,5.0,8.0,1.0,98.0,,13,44,,,,13.0,44.0,3,171666667,:,:,,,,,,,,,,
287,MACEDONIA,NO,2016,155.0,99.0,,3231.0,,21.0,9.0,0.0,82.0,2.0,8.0,8.0,35.0,0.0,48.0,5.0,5.0,1.0,74.0,,11,97.0,,,,11.0,97,3,281666667,301,56,9,87,,,,,,,
288,MACEDONIA,NO,2017,146.0,16.0,2519.0,3031.0,120.0,33.0,22.0,2.0,1.0,21.0,2.0,7.0,7.0,14.0,0.0,34.0,4.0,92.0,1.0,69,,20.0,11.0,,,,20,11,3,260,92,6,86,4,29,,,,,
289,MACEDONIA,NO,2018,,,,,21.0,9.0,,,,,,,,,,,,,,:,:,7.0,62.0,,,,,,,,,,,,,,,,,
290,MALTA,SÍ,2009,120.0,22.0,547.0,494.0,90.0,31.0,,0.0,97.0,1.0,46.0,42.0,1.0,0.0,19.0,95.0,2.0,92.0,17.0,3,49,16.0,329.0,1.0,197.0,6.0,1762,85,584,655,12,6142857,213,58,13,57,35.0,88.0,,
291,MALTA,SÍ,2010,141.0,5.0,584.0,584.0,100.0,15.0,5.0,0.0,97.0,0.0,97.0,43.0,48.0,0.0,21.0,98.0,2.0,66.0,19.0,32,47,34.0,400.0,94.0,214.0,96.0,1876,45,634,9225,12,76857143,250,24,16,36,,,,
292,MALTA,SÍ,2011,140.0,73.0,618.0,584.0,94.0,5.0,15.0,6.0,0.0,72.0,1.0,45.0,43.0,62.0,0.0,16.0,63.0,4.0,34.0,12,29,52.0,77.0,405.0,79.0,229.0,4,2053,7,685,2575,11,29285714,252,42,16,78.0,42.0,89.0,
293,MALTA,SÍ,2012,140.0,1.0,646.0,585.0,90.0,56.0,15.0,1.0,2.0,39.0,1.0,44.0,41.0,67.0,0.0,19.0,64.0,3.0,11.0,16,53,61.0,55.0,402.0,83.0,240.0,45,2081,21,696,51,12,11142857,243,63,22,4.0,36.0,1.0,
294,MALTA,SÍ,2013,145.0,95.0,628.0,615.0,97.0,93.0,15.0,8.0,1.0,42.0,0.0,71.0,51.0,74.0,0.0,22.0,31.0,3.0,56.0,18,75,49.0,13.0,341.0,27.0,184.0,4,2009,9,646,175,14,7,272,6,20,81.0,41.0,71.0,
295,MALTA,SÍ,2014,136.0,58.0,622.0,581.0,93.0,41.0,15.0,8.0,1.0,41.0,1.0,18.0,37.0,61.0,0.0,18.0,1.0,2.0,59.0,15,52,44.0,67.0,381.0,77.0,219.0,1,1927,2,643,185,10,91571429,256,9,17,37.0,18.0,,
296,MALTA,SÍ,2015,129.0,41.0,622.0,569.0,91.0,48.0,16.0,6.0,0.0,93.0,0.0,23.0,42.0,62.0,0.0,24.0,22.0,5.0,36.0,18,87,55.0,4.0,236.0,76.0,165.0,83,2015,4,618,2575,13,17571429,239,47,18,7.0,18.0,5.0,
297,MALTA,SÍ,2016,122.0,78.0,675.0,553.0,81.0,93.0,16.0,5.0,1.0,11.0,0.0,22.0,44.0,4.0,0.0,19.0,54.0,5.0,99.0,13,54,57.0,5.0,239.0,33.0,177.0,72,2030,6,626,2875,12,11428571,227,92,16,52.0,19.0,25.0,
298,MALTA,SÍ,2017,128.0,4.0,675.0,591.0,87.0,56.0,16.0,7.0,1.0,96.0,1.0,3.0,40.0,41.0,0.0,16.0,95.0,4.0,13.0,12,82,43.0,88.0,275.0,26.0,185.0,32,1793,41,574,4675,11,8142857,6,91,0,87.0,20.0,59.0,
299,MALTA,SÍ,2018,,,,,16.0,8.0,1.0,26.0,1.0,26.0,38.0,47.0,0.0,19.0,55.0,3.0,78.0,15.0,77.0,43,72,254.0,57.0,181.0,63.0,1372.0,29,463,525,11,44142857,:,:,22,95,,,,,
300,MONTENEGRO,NO,2009,242.0,89.0,1022.0,1499.0,146.0,67.0,,1.0,62.0,6.0,64.0,30.0,14.0,0.0,49.0,7.0,62.0,1.0,46.0,6,16,1.0,13.0,271.0,8.0,,106,29,126,1666667,7,732857143,477,17,12,46,6.0,6.0,,
301,MONTENEGRO,NO,2010,235.0,38.0,1066.0,1457.0,136.0,68.0,,2.0,1.0,6.0,79.0,31.0,18.0,0.0,32.0,7.0,11.0,0.0,81.0,6,3,0.0,48.0,223.0,1.0,,85,62,103,666667,7,801428571,455,73,18,8,2.0,92.0,,
302,MONTENEGRO,NO,2011,214.0,25.0,1116.0,1328.0,119.0,,3.0,7.0,2.0,74.0,25.0,97.0,0.0,48.0,3.0,87.0,0.0,48.0,3.0,39,23,23.0,199.0,8.0,,108.0,57,110,2933333,5,714285714,418,78,11,79,4,74.0,,,
303,MONTENEGRO,NO,2012,214.0,57.0,1116.0,1331.0,119.0,27.0,,2.0,42.0,2.0,58.0,27.0,8.0,0.0,3.0,87.0,0.0,48.0,3.0,39,18,86.0,222.0,95.0,,138.0,16,126,6566667,5,688571429,414,22,16,88,6,18.0,,,
304,MONTENEGRO,NO,2013,171.0,37.0,1116.0,1064.0,95.0,34.0,25.0,2.0,1.0,45.0,6.0,44.0,27.0,86.0,0.0,16.0,4.0,3.0,0.0,64,3,6.0,25.0,93.0,190.0,21.0,,119,2,111,72,6,234285714,340,61,6,5.0,6.0,24.0,
305,MONTENEGRO,NO,2014,180.0,69.0,,1123.0,,24.0,1.0,3.0,6.0,8.0,69.0,20.0,76.0,0.0,4.0,99.0,0.0,8.0,4.0,18,30,25.0,153.0,1.0,,143.0,52,108,9266667,6,68571429,355,52,9,86,1,4.0,,,
306,MONTENEGRO,NO,2015,181.0,8.0,,1131.0,,24.0,4.0,2.0,73.0,6.0,43.0,22.0,5.0,0.0,4.0,18.0,0.0,8.0,3.0,38,25,8.0,150.0,94.0,,132.0,94,102,9866667,5,717142857,356,4,11,13,3,55.0,,,
307,MONTENEGRO,NO,2016,180.0,48.0,1375.0,1123.0,81.0,67.0,24.0,3.0,86.0,5.0,63.0,20.0,57.0,0.0,32.0,3.0,54.0,0.0,32.0,2,57,20.0,57.0,136.0,13.0,,81,32,79,34,5,258571429,353,23,11,45,3.0,58.0,,
308,MONTENEGRO,NO,2017,179.0,79.0,1345.0,1119.0,83.0,2.0,23.0,6.0,1.0,77.0,8.0,19.0,23.0,62.0,0.0,3.0,7.0,1.0,61.0,1,12,18.0,96.0,145.0,9.0,,80,82,81,62333333,5,715714286,355,16,8,26,2.0,88.0,,
309,MONTENEGRO,NO,2018,180.0,76.0,1345.0,1125.0,83.0,64.0,23.0,8.0,2.0,9.0,5.0,95.0,24.0,58.0,0.0,3.0,7.0,1.0,29.0,2,9,19.0,76.0,109.0,42.0,,70,7,66,62666667,5,671428571,361,34,4,13,9.0,2.0,,
310,NORUEGA,NO,2009,69.0,59.0,,3340.0,,,0.0,6.0,0.0,96.0,64.0,45.0,,67.0,48.0,30.0,85.0,30.0,1.0,37,1,493.0,33.0,188.0,26.0,3335.0,17,1013,4425,32,40666667,127,5,8,78,0,72.0,,,
311,NORUEGA,NO,2010,73.0,36.0,,3564.0,,11.0,2.0,0.0,6.0,0.0,97.0,60.0,21.0,,68.0,29.0,29.0,76.0,32.0,23,34,72.0,438.0,39.0,149.0,93.0,3112,96,934,32,1,134,75,9,9,,,,,
312,NORUEGA,NO,2011,78.0,57.0,,3866.0,,10.0,5.0,2.0,26.0,0.0,79.0,57.0,66.0,,73.0,41.0,32.0,94.0,33.0,79,32,99.0,365.0,49.0,117.0,68.0,3010,55,881,6775,33,475,144,5,10,25,0.0,72.0,,
313,NORUEGA,NO,2012,81.0,27.0,,4052.0,,10.0,0.0,54.0,1.0,55.0,78.0,,71.0,72.0,33.0,1.0,31.0,78.0,29.0,76,348,81.0,120.0,8.0,3116.0,11.0,903,69,32,305,148,87,9,97,0,9,,,,
314,NORUEGA,NO,2013,76.0,59.0,,3869.0,,10.0,9.0,0.0,93.0,1.0,13.0,50.0,8.0,,69.0,8.0,31.0,56.0,32.0,29,33,311.0,6.0,108.0,5.0,2889.0,17,835,455,31,85,143,38,7,95,1,43.0,,,
315,NORUEGA,NO,2014,,3916.0,4103.0,104.0,78.0,10.0,9.0,0.0,57.0,1.0,17.0,46.0,54.0,,73.0,34.0,31.0,91.0,35.0,38,20,81.0,291.0,51.0,98.0,57.0,2584,55,748,86,31,485,149,75,8,3,0.0,75.0,,
316,NORUEGA,NO,2015,,3850.0,4056.0,105.0,35.0,11.0,9.0,0.0,46.0,1.0,18.0,43.0,34.0,,84.0,37.0,36.0,85.0,40.0,99,18,,,2222.0,55.0,1120.0,275,34,53166667,145,51,8,26,0,27,,,,,
317,NORUEGA,NO,2016,80.0,45.0,3880.0,4192.0,108.0,4.0,12.0,2.0,0.0,52.0,0.0,79.0,42.0,2.0,,106.0,7.0,42.0,89.0,56,13,15.0,54.0,,,2005.0,61,1010,575,41,53833333,147,7,9,43,0,44.0,,,
318,NORUEGA,NO,2017,79.0,19.0,,4164.0,,12.0,3.0,0.0,53.0,0.0,93.0,40.0,16.0,,107.0,16.0,43.0,89.0,55.0,9,14,85.0,,,1791.0,5.0,902,95,41,29333333,144,31,10,62,0,27,,,,
319,NORUEGA,NO,2018,,,,,12.0,9.0,0.0,47.0,1.0,32.0,37.0,16.0,,109.0,45.0,48.0,42.0,51.0,63.0,,,,1743.0,33.0,1743.0,33.0,41,40833333,:,:,0,97,,,,,,,,
320,PAÍSES BAJOS,SÍ,2009,87.0,13.0,17668.0,14364.0,81.0,3.0,,0.0,93.0,18.0,45.0,398.0,46.0,3.0,79.0,62.0,14.0,11.0,65.0,50,5,98.0,66.0,1721.0,39.0,573.0,71,4266,19,1664,9875,77,98857143,156,86,10,76.0,19.0,9.0,
321,PAÍSES BAJOS,SÍ,2010,86.0,68.0,16033.0,14368.0,89.0,62.0,10.0,3.0,,23.0,17.0,39.0,85.0,3.0,92.0,33.0,9.0,89.0,14.0,96,98,28.0,744.0,22.0,475.0,6.0,2289,38,901,87,20,79833333,156,53,10,42,11.0,96.0,,
322,PAÍSES BAJOS,SÍ,2011,83.0,87.0,15509.0,13969.0,90.0,7.0,11.0,,23.0,76.0,39.0,36.0,3.0,45.0,31.0,16.0,9.0,4.0,13.0,6,93,57.0,747.0,31.0,497.0,66.0,2359,924,385,20,3166667,153,22,9,38,18,64.0,,,
323,PAÍSES BAJOS,SÍ,2012,80.0,53.0,15731.0,13473.0,85.0,65.0,10.0,1.0,,21.0,61.0,37.0,9.0,3.0,59.0,29.0,8.0,8.0,64.0,12,37,89.0,3.0,723.0,57.0,512.0,9,2347,68,918,3625,18,73,147,49,8,43.0,15.0,68.0,
324,PAÍSES BAJOS,SÍ,2013,75.0,81.0,15283.0,12721.0,83.0,24.0,10.0,4.0,0.0,88.0,19.0,43.0,33.0,25.0,3.0,13.0,26.0,34.0,7.0,42,11,62.0,79.0,53.0,717.0,96.0,509,4,2335,85,910,685,14,58142857,144,82,8.0,14.0,15.0,63.0
325,PAÍSES BAJOS,SÍ,2014,70.0,91.0,14665.0,11934.0,81.0,38.0,11.0,6.0,0.0,86.0,,31.0,73.0,2.0,47.0,25.0,49.0,7.0,25.0,10,78,62.0,9.0,614.0,2.0,423.0,28,2171,4,817,6525,13,9666667,135,14,7,9.0,13.0,66.0,
326,PAÍSES BAJOS,SÍ,2015,64.0,2.0,14299.0,10850.0,75.0,88.0,11.0,6.0,0.0,71.0,,30.0,18.0,2.0,57.0,24.0,61.0,7.0,48.0,10,12,57.0,57.0,571.0,51.0,392.0,44,1982,87,751,975,12,61166667,123,63,5,85.0,13.0,39.0,
327,PAÍSES BAJOS,SÍ,2016,62.0,44.0,,10601.0,,12.0,7.0,0.0,64.0,,29.0,57.0,2.0,47.0,27.0,89.0,9.0,4.0,13.0,5,52,92.0,498.0,2.0,334.0,9.0,1790,82,669,75,13,77666667,119,5,6,77,11.0,99.0,,
328,PAÍSES BAJOS,SÍ,2017,63.0,66.0,,10874.0,,13.0,2.0,0.0,92.0,,28.0,1.0,2.0,28.0,28.0,19.0,10.0,3.0,12.0,88,46,75.0,437.0,29.0,292.0,13.0,1516,82,573,2475,13,76333333,121,27,6,93,12.0,32.0,,
329,PAÍSES BAJOS,SÍ,2018,65.0,48.0,,11251.0,,13.0,3.0,0.0,69.0,,26.0,63.0,2.0,44.0,30.0,21.0,11.0,6.0,13.0,74,45,84.0,366.0,4.0,246.0,7.0,1362,84,505,355,14,12833333,124,59,7,25,12.0,34.0,,
330,POLONIA,SÍ,2009,224.0,85.0,86019.0,85749.0,99.0,69.0,,1.0,29.0,0.0,96.0,32.0,93.0,0.0,15.0,,4.0,1.0,,50,52,355.0,58.0,2.0,545.0,93.0,252,4125,7,868,422,18,12,34,75,79,,,,
331,POLONIA,SÍ,2010,216.0,64.0,86755.0,82372.0,94.0,95.0,17.0,6.0,1.0,15.0,0.0,97.0,28.0,96.0,0.0,7.0,,4.0,12.0,,50,91.0,368.0,42.0,63.0,44.0,536,3,254,7675,7,54,407,38,12,82,26.0,96.0,,
332,POLONIA,SÍ,2011,217.0,62.0,87961.0,82832.0,94.0,17.0,17.0,7.0,1.0,18.0,0.0,79.0,28.0,12.0,0.0,3.0,,3.0,94.0,,46,58.0,356.0,28.0,67.0,11.0,604,91,268,72,6,812,412,44,12,51,66.0,75.0,,
333,POLONIA,SÍ,2012,224.0,52.0,88498.0,85459.0,96.0,57.0,17.0,1.0,0.0,99.0,1.0,25.0,54.0,0.0,83.0,,3.0,76.0,,43,83,336.0,18.0,70.0,47.0,606.0,22,264,175,6,424,426,91,13,43,60,76.0,,,
334,POLONIA,SÍ,2013,210.0,61.0,88662.0,80165.0,90.0,42.0,17.0,3.0,0.0,78.0,1.0,13.0,23.0,96.0,1.0,17.0,8.0,3.0,2.0,7,1,14.0,51.0,32.0,311.0,42.0,60,11,557,35,245,5,5,468571429,420,3,14.0,1.0,58.0,64.0
335,POLONIA,SÍ,2014,208.0,7.0,87742.0,79345.0,90.0,43.0,17.0,0.0,74.0,1.0,17.0,21.0,7.0,0.0,77.0,7.0,71.0,2.0,9.0,1,1,36.0,48.0,281.0,17.0,33.0,4,443,39,198,52,5,27142857,416,7,14,13.0,50.0,95.0,
336,POLONIA,SÍ,2015,191.0,27.0,89164.0,72695.0,81.0,53.0,17.0,6.0,0.0,76.0,1.0,18.0,18.0,31.0,0.0,65.0,7.0,25.0,1.0,73,1,11.0,26.0,86.0,249.0,12.0,30,4,382,8,172,25,4,427142857,381,12,13.0,15.0,57.0,73.0
337,POLONIA,SÍ,2016,190.0,19.0,89178.0,72209.0,80.0,97.0,17.0,3.0,0.0,67.0,0.0,79.0,20.0,7.0,,8.0,31.0,2.0,8.0,1,35,25.0,37.0,210.0,52.0,,332,9,189,5966667,5,545,378,55,13,39,49.0,34.0,,
338,POLONIA,SÍ,2017,196.0,14.0,88637.0,74480.0,84.0,3.0,15.0,0.0,73.0,0.0,93.0,19.0,23.0,,8.0,48.0,1.0,89.0,1.0,2,21,37.0,178.0,32.0,55.0,62.0,281,58,134,2225,5,41,389,4,15,22,31.0,66.0,,
339,POLONIA,SÍ,2018,191.0,74.0,85940.0,72818.0,84.0,73.0,14.0,8.0,0.0,7.0,1.0,32.0,17.0,41.0,,8.0,76.0,1.0,99.0,1,1,17.0,91.0,182.0,8.0,51.0,6,260,25,127,825,5,213333333,379,69,15,46.0,31.0,7.0,
340,PORTUGAL,SÍ,2009,106.0,85.0,12102.0,11287.0,93.0,27.0,,1.0,23.0,,6.0,85.0,5.0,1.0,24.0,2.0,3.0,57.0,20.0,63,193,81.0,466.0,88.0,246.0,57.0,1147,39,513,6625,10,26333333,206,98,11,15,26.0,34.0,,
341,PORTUGAL,SÍ,2010,111.0,97.0,12174.0,11839.0,97.0,25.0,17.0,9.0,1.0,17.0,,8.0,16.0,4.0,74.0,20.0,86.0,4.0,1.0,16,85,193.0,33.0,479.0,3.0,252.0,7,899,8,455,8775,9,298333333,216,95,11,38.0,18.0,8.0,
342,PORTUGAL,SÍ,2011,122.0,53.0,12330.0,12955.0,105.0,7.0,18.0,1.0,8.0,,7.0,68.0,4.0,8.0,20.0,64.0,3.0,54.0,17.0,1,192,68.0,492.0,65.0,267.0,74.0,930,68,470,9375,9,14,236,86,12,88,27.0,94.0,,
343,PORTUGAL,SÍ,2012,131.0,61.0,12342.0,13875.0,112.0,42.0,17.0,9.0,1.0,16.0,,6.0,65.0,3.0,97.0,20.0,24.0,3.0,56.0,16,69,175.0,61.0,415.0,87.0,238.0,57,970,9,450,35,8,711666667,255,56,13,75.0,32.0,86.0,
344,PORTUGAL,SÍ,2013,138.0,6.0,12400.0,14535.0,117.0,22.0,18.0,7.0,1.0,37.0,,5.0,53.0,4.0,12.0,20.0,37.0,3.0,29.0,17,8,158.0,19.0,366.0,6.0,211.0,74,904,92,410,2275,8,626666667,263,9,15,28.0,32.0,23.0,
345,PORTUGAL,SÍ,2014,136.0,16.0,12591.0,14198.0,112.0,76.0,19.0,5.0,0.0,88.0,,5.0,2.0,3.0,61.0,22.0,35.0,3.0,59.0,18,77,149.0,55.0,331.0,94.0,185.0,21,873,1,384,95,9,66666667,260,69,15,27.0,29.0,42.0,
346,PORTUGAL,SÍ,2015,138.0,54.0,12591.0,14373.0,114.0,15.0,19.0,5.0,0.0,96.0,,4.0,52.0,3.0,56.0,23.0,57.0,3.0,61.0,19,95,149.0,13.0,283.0,24.0,156.0,1,948,78,384,29,9,361666667,267,12,15,68.0,23.0,64.0,
347,PORTUGAL,SÍ,2016,134.0,58.0,12600.0,13917.0,110.0,45.0,19.0,0.0,64.0,,5.0,4.0,2.0,86.0,23.0,91.0,3.0,24.0,20.0,67,128,74.0,253.0,28.0,138.0,95.0,863,57,346,135,9,393333333,:,:,20,5,,,,
348,PORTUGAL,SÍ,2017,131.0,79.0,12694.0,13587.0,107.0,3.0,18.0,3.0,0.0,74.0,,5.0,66.0,2.0,83.0,24.0,62.0,3.0,96.0,20,66,115.0,28.0,221.0,86.0,119.0,31,858,82,328,8175,9,745,254,1,15,64.0,18.0,26.0,
349,PORTUGAL,SÍ,2018,126.0,53.0,12934.0,13021.0,100.0,67.0,17.0,3.0,0.0,79.0,,5.0,63.0,2.0,65.0,23.0,93.0,4.0,9.0,19,84,102.0,47.0,221.0,86.0,118.0,17,850,93,323,3575,9,488333333,243,83,15,16.0,18.0,87.0,
350,REPÚBLICA CHECA,SÍ,2009,209.0,61.0,,21853.0,,,1.0,1.0,0.0,73.0,45.0,62.0,0.0,12.0,16.0,59.0,4.0,6.0,11.0,99,44,96.0,526.0,8.0,45.0,94.0,1334,32,487,825,11,52285714,:,18,82,8,92.0,,,
351,REPÚBLICA CHECA,SÍ,2010,209.0,33.0,,21900.0,,9.0,1.0,0.0,65.0,45.0,75.0,0.0,15.0,12.0,78.0,5.0,6.0,7.0,18.0,38,41,561.0,63.0,51.0,36.0,1214.0,11,466,3775,10,44428571,397,38,24,7,3,23.0,,,
352,REPÚBLICA CHECA,SÍ,2011,220.0,95.0,20501.0,23170.0,113.0,2.0,9.0,8.0,0.0,79.0,0.0,86.0,50.0,2.0,0.0,1.0,13.0,88.0,6.0,44,7,45.0,37.0,1.0,569.0,2.0,50,13,1192,35,462,1275,11,38857143,417,41,27.0,72.0,11.0,28.0
353,REPÚBLICA CHECA,SÍ,2012,215.0,55.0,21307.0,22644.0,106.0,27.0,9.0,6.0,0.0,9.0,0.0,89.0,49.0,88.0,0.0,16.0,13.0,42.0,6.0,37,7,5.0,32.0,52.0,528.0,81.0,52,15,1142,53,439,25,11,23857143,407,27,4.0,11.0,1.0,
354,REPÚBLICA CHECA,SÍ,2013,158.0,28.0,20928.0,16645.0,79.0,53.0,8.0,6.0,0.0,86.0,0.0,87.0,51.0,14.0,0.0,19.0,13.0,47.0,5.0,6,7,86.0,29.0,1.0,593.0,22.0,151,75,1200,28,493,565,11,42714286,303,74,17.0,92.0,9.0,36.0
355,REPÚBLICA CHECA,SÍ,2014,177.0,49.0,20020.0,18658.0,93.0,2.0,9.0,7.0,0.0,77.0,0.0,75.0,49.0,46.0,0.0,14.0,13.0,62.0,6.0,36,7,23.0,24.0,23.0,469.0,1.0,122,7,993,72,402,2575,11,19,338,76,21.0,87.0,6.0,14.0
356,REPÚBLICA CHECA,SÍ,2015,198.0,20782.0,20866.0,100.0,4.0,9.0,7.0,0.0,84.0,0.0,64.0,49.0,62.0,0.0,11.0,13.0,49.0,5.0,67.0,7,79,19.0,19.0,327.0,15.0,89.0,65,810,6,311,5125,11,16571429,375,38,26,73.0,5.0,78.0,
357,REPÚBLICA CHECA,SÍ,2016,213.0,1.0,20754.0,22481.0,108.0,32.0,9.0,7.0,0.0,62.0,0.0,67.0,47.0,85.0,0.0,17.0,13.0,2.0,6.0,15,6,91.0,15.0,6.0,267.0,39.0,76,5,674,86,258,475,10,79571429,401,79,30.0,61.0,5.0,23.0
358,REPÚBLICA CHECA,SÍ,2017,209.0,47.0,,22159.0,,9.0,1.0,0.0,38.0,0.0,43.0,45.0,6.0,0.0,16.0,13.0,37.0,5.0,65.0,7,59,14.0,98.0,228.0,7.0,68.0,37,624,84,234,65,10,37714286,393,6,30,46.0,4.0,48.0,
359,REPÚBLICA CHECA,SÍ,2018,203.0,36.0,21058.0,21577.0,102.0,46.0,9.0,6.0,0.0,52.0,0.0,41.0,46.0,81.0,0.0,12.0,13.0,65.0,6.0,14,7,4.0,13.0,25.0,199.0,35.0,56,82,560,2,207,405,10,72142857,381,87,30.0,5.0,3.0,85.0
360,RUMANÍA,SÍ,2009,130.0,7.0,33960.0,26716.0,78.0,67.0,,1.0,94.0,1.0,89.0,44.0,38.0,,7.0,85.0,4.0,93.0,2.0,93,12,43.0,56.0,62.0,56.0,62.0,241,67,91,835,10,65333333,251,73,11,38,12.0,5.0,,
361,RUMANÍA,SÍ,2010,131.0,6.0,34165.0,28244.0,82.0,67.0,21.0,6.0,1.0,88.0,2.0,39.0,57.0,31.0,1.0,5.0,6.0,92.0,4.0,18,2,74.0,11.0,57.0,66.0,15.0,66,15,227,51,92,845,10,98857143,253,93,11.0,32.0,7.0,5.0
362,RUMANÍA,SÍ,2011,143.0,34.0,26618.0,30694.0,115.0,31.0,22.0,3.0,1.0,56.0,2.0,34.0,57.0,43.0,1.0,43.0,6.0,19.0,3.0,64,2,55.0,10.0,51.0,76.0,17.0,76,17,220,99,95,96,10,73428571,277,15,12.0,33.0,11.0,57.0
363,RUMANÍA,SÍ,2012,158.0,33.0,27125.0,31817.0,117.0,3.0,22.0,9.0,1.0,88.0,2.0,94.0,85.0,68.0,1.0,95.0,7.0,67.0,4.0,45,3,21.0,15.0,89.0,97.0,16.0,76,9,282,3,117,86,15,39714286,306,51,13.0,62.0,11.0,46.0
364,RUMANÍA,SÍ,2013,167.0,29389.0,33434.0,113.0,76.0,23.0,1.0,68.0,2.0,97.0,87.0,77.0,1.0,55.0,8.0,67.0,4.0,89.0,3.0,72,14,65.0,97.0,77.0,75.0,35.0,287,5,118,8175,15,89285714,326,54,15,2,11.0,56.0,,
365,RUMANÍA,SÍ,2014,151.0,18.0,28901.0,30156.0,104.0,34.0,25.0,1.0,1.0,49.0,2.0,47.0,11.0,43.0,1.0,45.0,7.0,6.0,4.0,39,3,21.0,32.0,17.0,256.0,26.0,128,3,824,15,310,22,4,577142857,293,65,15.0,7.0,13.0,52.0
366,RUMANÍA,SÍ,2015,142.0,59.0,27479.0,28334.0,103.0,11.0,25.0,4.0,1.0,46.0,2.0,43.0,1.0,5.0,1.0,48.0,8.0,76.0,5.0,11,0,4.0,16.0,9.0,148.0,77.0,76,7,545,72,196,865,3,2,277,2,14.0,2.0,8.0,44.0
367,RUMANÍA,SÍ,2016,138.0,94.0,27889.0,27455.0,98.0,44.0,25.0,3.0,1.0,25.0,2.0,22.0,1.0,54.0,1.0,75.0,9.0,5.0,4.0,76,0,5.0,15.0,67.0,138.0,32.0,75,7,466,8,173,785,3,1,269,89,13.0,96.0,8.0,46.0
368,RUMANÍA,SÍ,2017,119.0,37.0,20408.0,23450.0,114.0,91.0,23.0,6.0,1.0,3.0,1.0,95.0,1.0,38.0,1.0,58.0,7.0,78.0,7.0,5,0,73.0,16.0,1.0,138.0,35.0,73,7,489,47,179,405,3,11,232,54,11.0,15.0,10.0,93.0
369,RUMANÍA,SÍ,2018,106.0,46.0,19414.0,20792.0,107.0,1.0,23.0,5.0,1.0,37.0,2.0,28.0,1.0,29.0,1.0,56.0,8.0,97.0,7.0,49,1,47.0,16.0,77.0,155.0,96.0,84,91,514,1,192,935,3,49,207,72,9.0,5.0,10.0,67.0
370,SERBIA,NO,2009,149.0,63.0,,10975.0,,,1.0,85.0,2.0,88.0,19.0,66.0,0.0,33.0,5.0,62.0,1.0,51.0,4.0,1,62,62.0,193.0,61.0,83.0,45.0,243,12,145,7,5,135714286,288,71,10,67,20.0,6.0,,
371,SERBIA,NO,2010,153.0,44.0,,11211.0,,,1.0,56.0,2.0,79.0,19.0,4.0,0.0,27.0,6.0,2.0,0.0,99.0,5.0,21,49,54.0,207.0,71.0,81.0,38.0,217,77,139,1,5,151428571,296,46,11,38,18.0,49.0,,
372,SERBIA,NO,2011,152.0,66.0,6924.0,11070.0,159.0,88.0,,1.0,57.0,2.0,56.0,18.0,5.0,0.0,12.0,6.0,3.0,1.0,9.0,5,21,48.0,93.0,240.0,36.0,95.0,5,241,73,156,63,4,985714286,293,72,11,37.0,18.0,32.0,
373,SERBIA,NO,2012,141.0,7.0,9000.0,10226.0,113.0,62.0,,1.0,44.0,2.0,81.0,18.0,33.0,0.0,15.0,5.0,47.0,1.0,18.0,4,3,52.0,53.0,243.0,96.0,93.0,37,248,4,159,475,4,811428571,277,54,6,48.0,21.0,36.0,
374,SERBIA,NO,2013,139.0,68.0,9200.0,10031.0,109.0,3.0,24.0,5.0,1.0,84.0,3.0,8.0,24.0,37.0,0.0,13.0,3.0,65.0,1.0,95,1,68.0,53.0,64.0,441.0,33.0,94,63,430,2,254,905,5,242857143,275,1,11.0,24.0,18.0,18.0
375,SERBIA,NO,2014,143.0,95.0,9340.0,10288.0,110.0,15.0,25.0,1.0,6.0,2.0,41.0,21.0,7.0,0.0,17.0,4.0,3.0,1.0,86.0,2,17,45.0,22.0,374.0,83.0,85.0,45,374,35,219,9625,4,758571429,284,95,10,14.0,19.0,2.0,
376,SERBIA,NO,2015,141.0,46.0,9459.0,10064.0,106.0,4.0,26.0,7.0,1.0,35.0,1.0,94.0,19.0,99.0,0.0,2.0,3.0,53.0,1.0,6,1,88.0,42.0,65.0,316.0,27.0,77,46,344,13,195,1275,4,355714286,279,93,10.0,3.0,20.0,24.0
377,SERBIA,NO,2016,150.0,81.0,9802.0,10672.0,108.0,88.0,25.0,9.0,1.0,5.0,2.0,15.0,18.0,92.0,0.0,11.0,4.0,1.0,48.0,2,52,34.0,23.0,278.0,8.0,73.0,63,317,7,175,7525,4,382857143,297,57,11,49.0,18.0,47.0,
378,SERBIA,NO,2017,153.0,5.0,9892.0,10807.0,109.0,25.0,25.0,7.0,1.0,12.0,1.0,58.0,18.0,25.0,0.0,17.0,4.0,45.0,1.0,58,2,87.0,25.0,98.0,239.0,1.0,92,57,295,163,14,4,288571429,303,79,10,8.0,19.0,49.0,
379,SERBIA,NO,2018,155.0,27.0,10307.0,10871.0,105.0,47.0,24.0,3.0,1.0,49.0,1.0,36.0,17.0,47.0,0.0,2.0,6.0,58.0,1.0,76,4,83.0,,206.0,2.0,84.0,6,270,97,187,2566667,4,812857143,305,75,12,34.0,19.0,17.0,
380,SUECIA,SÍ,2009,78.0,71.0,6981.0,7286.0,104.0,37.0,,1.0,8.0,54.0,60.0,5.0,,162.0,3.0,58.0,91.0,103.0,12.0,103,39,1035.0,22.0,428.0,89.0,4600.0,93,1542,1075,65,68333333,:,8,4,0,31,,,,
381,SUECIA,SÍ,2010,73.0,29.0,6805.0,6846.0,100.0,6.0,14.0,8.0,0.0,97.0,8.0,47.0,59.0,89.0,,166.0,34.0,58.0,66.0,107,68,98.0,7.0,992.0,67.0,434.0,25,4314,18,1459,95,67,166667,138,46,8,4.0,1.0,13.0,
382,SUECIA,SÍ,2011,70.0,83.0,7045.0,6669.0,94.0,66.0,15.0,4.0,0.0,86.0,8.0,94.0,60.0,37.0,,170.0,94.0,64.0,35.0,106,59,103.0,22.0,1001.0,7.0,455.0,7,4407,9,1491,9725,68,675,133,72,8,25.0,0.0,78.0,
383,SUECIA,SÍ,2012,66.0,39.0,6963.0,6296.0,90.0,42.0,15.0,2.0,0.0,72.0,8.0,41.0,56.0,29.0,,170.0,56.0,62.0,73.0,107,83,97.0,15.0,928.0,69.0,417.0,9,4306,93,1437,465,67,75666667,125,28,7,61.0,0.0,36.0,
384,SUECIA,SÍ,2013,59.0,89.0,6675.0,5723.0,85.0,74.0,16.0,0.0,91.0,7.0,62.0,48.0,76.0,,155.0,83.0,58.0,96.0,92.0,86,87,5.0,894.0,24.0,425.0,43.0,4298,52,1426,4225,60,82333333,113,16,6,89,0.0,63.0,,
385,SUECIA,SÍ,2014,60.0,21.0,6475.0,5807.0,89.0,68.0,15.0,6.0,0.0,9.0,8.0,21.0,47.0,38.0,,175.0,33.0,65.0,26.0,105,89,86.0,72.0,865.0,92.0,393.0,76,4141,4,1371,95,67,16166667,113,7,6,89.0,0.0,52.0,
386,SUECIA,SÍ,2015,58.0,39.0,6262.0,5691.0,90.0,88.0,16.0,3.0,1.0,15.0,8.0,6.0,47.0,66.0,,156.0,32.0,56.0,88.0,95,61,86.0,8.0,923.0,93.0,435.0,94,4100,5,1386,68,61,3666667,110,9,6,71.0,0.0,61.0,
387,SUECIA,SÍ,2016,57.0,44.0,6252.0,5658.0,90.0,5.0,16.0,2.0,1.0,8.0,8.0,92.0,50.0,34.0,,179.0,48.0,64.0,6.0,111,32,86.0,91.0,904.0,2.0,428.0,6,3810,73,1307,565,69,2,107,73,7,3.0,0.0,91.0,
388,SUECIA,SÍ,2017,57.0,16.0,6147.0,5713.0,92.0,94.0,15.0,8.0,1.0,13.0,9.0,9.0,46.0,87.0,,188.0,83.0,69.0,72.0,115,11,86.0,53.0,900.0,25.0,432.0,77,3602,88,1255,6075,71,79166667,107,1,6,99.0,0.0,64.0,
389,SUECIA,SÍ,2018,60.0,41.0,6539.0,6114.0,93.0,5.0,16.0,4.0,1.0,7.0,8.0,58.0,46.0,53.0,,190.0,45.0,74.0,85.0,111,57,85.0,43.0,769.0,88.0,363.0,83,3303,14,1130,57,72,175,113,5,6,85.0,1.0,16.0,
390,SUIZA,NO,2009,72.0,77.0,,5605.0,,,0.0,66.0,2.0,4.0,6.0,8.0,0.0,5.0,38.0,79.0,8.0,65.0,30.0,14,45,83.0,834.0,44.0,338.0,89.0,2387,94,901,775,12,49857143,137,48,8,81,3.0,72.0,,
391,SUIZA,NO,2010,74.0,4.0,,5765.0,,15.0,0.0,68.0,2.0,4.0,6.0,25.0,0.0,32.0,6.0,97.0,25.0,3.0,36.0,64,799,44.0,322.0,5.0,2239.0,32.0,849,3625,10,47571429,141,1,8,7,1,84,,,,
392,SUIZA,NO,2011,71.0,49.0,,5626.0,,15.0,0.0,58.0,2.0,34.0,6.0,18.0,0.0,5.0,35.0,78.0,7.0,1.0,28.0,76,39,55.0,828.0,9.0,361.0,94.0,2584,21,953,4475,11,52857143,136,64,7,54,3.0,11.0,,
393,SUIZA,NO,2012,76.0,71.0,,6102.0,,15.0,9.0,0.0,57.0,2.0,31.0,7.0,5.0,0.0,6.0,32.0,44.0,7.0,15.0,25,29,45.0,29.0,926.0,67.0,450.0,6,2705,6,1031,77,10,76,146,42,7,59.0,1.0,99.0,
394,SUIZA,NO,2013,82.0,75.0,,6652.0,,14.0,5.0,0.0,71.0,1.0,89.0,7.0,7.0,0.0,4.0,33.0,54.0,7.0,1.0,26,43,39.0,76.0,854.0,95.0,493.0,49,2455,37,960,8925,10,96857143,158,8,8,6.0,3.0,71.0,
395,SUIZA,NO,2014,80.0,9.0,7235.0,6519.0,90.0,1.0,13.0,8.0,0.0,5.0,1.0,62.0,7.0,48.0,0.0,1.0,33.0,75.0,6.0,83,26,92.0,29.0,8.0,782.0,66.0,450,84,2145,7,851,9125,11,1571429,154,2,7.0,7.0,2.0,5.0
396,SUIZA,NO,2015,78.0,88.0,7324.0,6498.0,88.0,72.0,15.0,6.0,0.0,69.0,1.0,71.0,7.0,48.0,0.0,5.0,32.0,9.0,6.0,46,26,44.0,22.0,57.0,638.0,15.0,372,24,1916,94,737,475,10,81857143,150,77,8.0,55.0,1.0,7.0
397,SUIZA,NO,2016,78.0,14.0,7483.0,6507.0,86.0,96.0,14.0,7.0,0.0,54.0,2.0,25.0,6.0,88.0,0.0,4.0,32.0,93.0,7.0,6,25,87.0,22.0,53.0,558.0,88.0,312,8,1757,62,662,9575,10,79571429,148,9,8.0,8.0,1.0,28.0
398,SUIZA,NO,2017,77.0,96.0,7489.0,6564.0,87.0,65.0,15.0,5.0,0.0,53.0,2.0,27.0,6.0,96.0,0.0,4.0,30.0,82.0,7.0,35,23,47.0,20.0,74.0,491.0,13.0,286,1,1680,66,619,635,10,20571429,148,39,7.0,47.0,1.0,27.0
399,SUIZA,NO,2018,77.0,82.0,7518.0,6602.0,87.0,82.0,14.0,6.0,0.0,59.0,1.0,76.0,6.0,9.0,0.0,9.0,33.0,39.0,7.0,38,26,1.0,19.0,38.0,458.0,16.0,276,4,1603,12,589,175,10,87428571,147,75,9.0,5.0,2.0,58.0
400,TURQUÍA,NO,2009,162.0,67.0,106779.0,116340.0,108.0,95.0,,2.0,92.0,,271.0,35.0,17.0,76.0,,,,12.0,16.0,118,92,61.0,86.0,244.0,6.0,109.0,25,97,34333333,305,42,11,27,11,91,,,,,
401,TURQUÍA,NO,2010,166.0,5.0,114348.0,120814.0,105.0,65.0,24.0,4.0,2.0,43.0,,304.0,41.0,18.0,72.0,,,,11.0,83,129,94.0,64.0,7.0,286.0,58.0,123,105,108,52,314,16,11,5,13,5,,,,
402,TURQUÍA,NO,2011,174.0,44.0,116754.0,128604.0,110.0,15.0,23.0,5.0,2.0,29.0,,323.0,37.0,18.0,43.0,,,,13.0,11,136,52.0,64.0,47.0,284.0,67.0,124,6925,114,6966667,328,62,12,37,9,33,,,,
403,TURQUÍA,NO,2012,182.0,3.0,142460.0,136020.0,95.0,48.0,23.0,7.0,2.0,42.0,,351.0,6.0,17.0,97.0,,,,13.0,79,159,97.0,72.0,51.0,321.0,8.0,141,8375,123,8166667,344,18,12,2,10,28,,,,
404,TURQUÍA,NO,2013,192.0,36.0,154115.0,145468.0,94.0,39.0,23.0,1.0,,,,,,,,,,,,,,369.0,5.0,13.0,85.0,8.0,81,,,,,,,,,,,,,
405,TURQUÍA,NO,2014,206.0,98.0,163129.0,159397.0,97.0,71.0,23.0,,,,,,,,,,,,,,399,18.0,15.0,23.0,8.0,28.0,,,,,,,,,,,,,,
406,TURQUÍA,NO,2015,,177636.0,178257.0,100.0,35.0,22.0,5.0,,,,,,,,,,,,,,440,56.0,16.0,81.0,8.0,73.0,,,,,,,,,,,,,,
407,TURQUÍA,NO,2016,254.0,92.0,202675.0,200727.0,99.0,4.0,22.0,8.0,,,,,,,,,,,,,,486.0,83.0,21.0,34.0,10.0,16,,,,,,,,,,,,,
408,TURQUÍA,NO,2017,292.0,45.0,208780.0,233415.0,111.0,8.0,22.0,2.0,,,,,,,,,,,,,,557.0,8.0,25.0,27.0,10.0,5,,,,,,,,,,,,,
409,TURQUÍA,NO,2018,327.0,73.0,213862.0,264842.0,123.0,84.0,22.0,2.0,,,,,,,,,,,,,,627.0,67.0,25.0,86.0,12.0,4,,,,,,,,,,,,,
